-- MySQL dump 10.13  Distrib 5.5.14, for osx10.6 (i386)
--
-- Host: db1.fracturedatlas.org    Database: artsready_dev
-- ------------------------------------------------------
-- Server version	5.1.57-log

/*!40101 SET @OLD_CHARACTER_SET_CLIENT=@@CHARACTER_SET_CLIENT */;
/*!40101 SET @OLD_CHARACTER_SET_RESULTS=@@CHARACTER_SET_RESULTS */;
/*!40101 SET @OLD_COLLATION_CONNECTION=@@COLLATION_CONNECTION */;
/*!40101 SET NAMES utf8 */;
/*!40103 SET @OLD_TIME_ZONE=@@TIME_ZONE */;
/*!40103 SET TIME_ZONE='+00:00' */;
/*!40014 SET @OLD_UNIQUE_CHECKS=@@UNIQUE_CHECKS, UNIQUE_CHECKS=0 */;
/*!40014 SET @OLD_FOREIGN_KEY_CHECKS=@@FOREIGN_KEY_CHECKS, FOREIGN_KEY_CHECKS=0 */;
/*!40101 SET @OLD_SQL_MODE=@@SQL_MODE, SQL_MODE='NO_AUTO_VALUE_ON_ZERO' */;
/*!40111 SET @OLD_SQL_NOTES=@@SQL_NOTES, SQL_NOTES=0 */;

--
-- Table structure for table `action_items`
--

DROP TABLE IF EXISTS `action_items`;
/*!40101 SET @saved_cs_client     = @@character_set_client */;
/*!40101 SET character_set_client = utf8 */;
CREATE TABLE `action_items` (
  `id` int(11) NOT NULL AUTO_INCREMENT,
  `description` varchar(255) COLLATE utf8_unicode_ci DEFAULT NULL,
  `question_id` int(11) DEFAULT NULL,
  `import_id` int(11) DEFAULT NULL,
  `recurrence` varchar(255) COLLATE utf8_unicode_ci DEFAULT NULL,
  `created_at` datetime DEFAULT NULL,
  `updated_at` datetime DEFAULT NULL,
  PRIMARY KEY (`id`),
  KEY `index_action_items_on_import_id` (`import_id`),
  KEY `index_action_items_on_question_id` (`question_id`)
) ENGINE=InnoDB AUTO_INCREMENT=87 DEFAULT CHARSET=utf8 COLLATE=utf8_unicode_ci;
/*!40101 SET character_set_client = @saved_cs_client */;

--
-- Dumping data for table `action_items`
--

LOCK TABLES `action_items` WRITE;
/*!40000 ALTER TABLE `action_items` DISABLE KEYS */;
INSERT INTO `action_items` VALUES (1,'Update your organizational chart and upload to your Critical Stuff on ArtsReady.',1,1,NULL,'2011-08-22 13:17:12','2011-08-22 13:17:12'),(2,'Update the stakeholder contact list and upload to your Critical Stuff on ArtsReady.',2,2,NULL,'2011-08-22 13:17:12','2011-08-22 13:17:12'),(3,'Update staff, board, and regular volunteer emergency contact lists and upload to your Critical Stuff on ArtsReady.',3,3,NULL,'2011-08-22 13:17:12','2011-08-22 13:17:12'),(4,'Gather contracts and contact information for guest artists. Digitize the files and upload to your Critical Stuff on Arts Ready.',4,4,NULL,'2011-08-22 13:17:12','2011-08-22 13:17:12'),(5,'Develop a phone and email tree (with external email addresses and phone numbers) for staff and other personnel. Upload to your Critical Stuff on ArtsReady.',5,5,NULL,'2011-08-22 13:17:12','2011-08-22 13:17:12'),(6,'Document key responsibilities and functions for each staff member and place into a comprehensive \'Organization Guide\' to be used in the event of a sudden absence. Upload the guide to your Critical Stuff on ArtsReady.',6,6,NULL,'2011-08-22 13:17:12','2011-08-22 13:17:12'),(7,'Cross train staff in each other\'s key functions and tasks so a substitute can easily fill in case of sudden absence.',6,6,NULL,'2011-08-22 13:17:12','2011-08-22 13:17:12'),(8,'Develop a clear interim and succession plan for the executive or organizational leader in the case of sudden absence. Document the plan in an \'Organization Guide\' and upload to your Critical Stuff on ArtsReady.',7,7,NULL,'2011-08-22 13:17:12','2011-08-22 13:17:12'),(9,'Research and list a few local counselors that specialize in workplace trauma.',8,8,NULL,'2011-08-22 13:17:12','2011-08-22 13:17:12'),(10,'Develop a crisis communications plan and designate a media spokesperson and back up person for it.',9,9,NULL,'2011-08-22 13:17:12','2011-08-22 13:17:12'),(11,'Time to conduct workplace safety training! Work on response for one crisis or hazard pertinent to your facility (tornado, earthquake, OSHA safety procedures, etc).',10,10,NULL,'2011-08-22 13:17:12','2011-08-22 13:17:12'),(12,'Time practice evacuating staff from your facility! Be sure to also discuss and develop procedures for evacuating the public with your staff. Document and upload those procedures to your Critical Stuff on ArtsReady.',10,10,NULL,'2011-08-22 13:17:12','2011-08-22 13:17:12'),(13,'Time to check and refresh first aid kits in your facility! Make sure staff and volunteers know where they are',10,10,NULL,'2011-08-22 13:17:12','2011-08-22 13:17:12'),(14,'Time to do basic first aid and CPR training with staff and volunteers!',10,10,NULL,'2011-08-22 13:17:12','2011-08-22 13:17:12'),(15,'Designate and officiate back up signatories so funds can be accessed if the regular person becomes unavailable.',11,11,NULL,'2011-08-22 13:17:12','2011-08-22 13:17:12'),(16,'Develop a safe way to store your daily cash intake at the close of business.',12,12,NULL,'2011-08-22 13:17:12','2011-08-22 13:17:12'),(17,'Distill and digitize up-to-date financial records (including bank account numbers and quarterly balances). Upload the files to your Critical Stuff on ArtsReady.',13,13,NULL,'2011-08-22 13:17:12','2011-08-22 13:17:12'),(18,'Train at least one back up person so they know how to access and read financial files in the case of a sudden absence.',13,13,NULL,'2011-08-22 13:17:12','2011-08-22 13:17:12'),(19,'Set up on-line access with your bank(s) so you can conduct remote banking.',14,14,NULL,'2011-08-22 13:17:12','2011-08-22 13:17:12'),(20,'Develop and document a plan for back-up compensation for staff.',15,15,NULL,'2011-08-22 13:17:12','2011-08-22 13:17:12'),(21,'Create an inventory of expensive electronics & equipment, include serial numbers and value. Digitize and upload the list to your Critical Stuff on ArtsReady.',16,16,NULL,'2011-08-22 13:17:12','2011-08-22 13:17:12'),(22,'Photograph or make a video of your facility and key equipment. Organize, clearly label, and back up the digital files.',16,16,NULL,'2011-08-22 13:17:12','2011-08-22 13:17:12'),(23,'Time to contact your insurance agent! Make sure your coverage is up-to-date and includes any changes you\'ve made recently.',17,17,NULL,'2011-08-22 13:17:12','2011-08-22 13:17:12'),(24,'Upload your insurance company or agent\'s contact information, a copy of the policy(s), and the policy number(s) to your Critical Stuff on ArtsReady.',17,17,NULL,'2011-08-22 13:17:12','2011-08-22 13:17:12'),(25,'Obtain an event insurance policy. Upload the providing company\'s contact information, a copy of the policy, and the policy number to your Critical Stuff on ArtsReady.',18,18,NULL,'2011-08-22 13:17:12','2011-08-22 13:17:12'),(26,'Get insurance coverage for your new asset (or add it to your current policy). Upload the insurance company or agent\'s contact information, a copy of the policy, and the policy number to your Critical Stuff on ArtsReady.',19,19,NULL,'2011-08-22 13:17:12','2011-08-22 13:17:12'),(27,'Develop or update your GuideStar account.',20,20,NULL,'2011-08-22 13:17:12','2011-08-22 13:17:12'),(28,'Organize your finances so restricted funds are in one or more separate accounts from general-use funds.',21,21,NULL,'2011-08-22 13:17:12','2011-08-22 13:17:12'),(29,'Cross train staff in the organization\'s computer systems. Provide necessary administrative privileges, passwords, and processes. Document passwords and necessary information and upload the file to your Critical Stuff on ArtsReady.',22,22,NULL,'2011-08-22 13:17:12','2011-08-22 13:17:12'),(30,'With adequate backups in place, simulate a power failure. Contact the appropriate IT and electrical personnel as needed prior to the test.',23,23,NULL,'2011-08-22 13:17:12','2011-08-22 13:17:12'),(31,'Set up external servers with a host company to secure your digital files. Know the outside vendor\'s policy and protections for storage.',24,24,NULL,'2011-08-22 13:17:12','2011-08-22 13:17:12'),(32,'Develop procedures for data back-up. Document the procedures and cross train staff on procedures.',24,24,NULL,'2011-08-22 13:17:12','2011-08-22 13:17:12'),(33,'Document the contact information for your IT vendors and store the document on your Critical Stuff on ArtsReady. Inform pertinent staff and back up personal of information and any corresponding procedures.',25,25,NULL,'2011-08-22 13:17:12','2011-08-22 13:17:12'),(34,'Set up remote access for key personnel. Confirm that all personnel have tested and can utilize the remote access.',26,26,NULL,'2011-08-22 13:17:12','2011-08-22 13:17:12'),(35,'Set up multiple offsite storage systems for important online documents and recordings.',27,27,NULL,'2011-08-22 13:17:12','2011-08-22 13:17:12'),(36,'Confirm and document antivirus, spyware, spam filters, and firewall protections for computer systems. Include serial numbers in the documentation, and create an automatic renewal with the vendors that provide those protections.',28,28,NULL,'2011-08-22 13:17:12','2011-08-22 13:17:12'),(37,'Designate a place on the website for emergency communications. Select and train a point person and at least one back up person for those communications.',29,29,NULL,'2011-08-22 13:17:12','2011-08-22 13:17:12'),(38,'Provide backup personnel with necessary administrative privileges and training so they can perform software/driver/system installation or re-installation on your computers if the usual person is suddenly absent.  ',30,30,NULL,'2011-08-22 13:17:12','2011-08-22 13:17:12'),(39,'Organize computer installation disks and up-to-date serial numbers so they are easily accessible and easy to find by staff. Include renewal dates and number of licenses allowed where necessary.  ',30,30,NULL,'2011-08-22 13:17:12','2011-08-22 13:17:12'),(40,'Update the production procedures. Cross train staff in key positions of each production in case the usual person becomes suddenly absent.',31,31,NULL,'2011-08-22 13:17:12','2011-08-22 13:17:12'),(41,'Update the production schedule and make it readily available on the organization\'s website and/or in your Critical Stuff on ArtsReady.',32,32,NULL,'2011-08-22 13:17:12','2011-08-22 13:17:12'),(42,'Digitize contracts for artists in each production. Make them readily accessible and back them up on an external server.',33,33,NULL,'2011-08-22 13:17:12','2011-08-22 13:17:12'),(43,'Develop and document policies for changing or substituting the production schedule to compensate for a delay or cancellation. Train staff in the policies.',34,34,NULL,'2011-08-22 13:17:12','2011-08-22 13:17:12'),(44,'Secure the necessary insurance (worker\'s compensation, auto insurance, etc.) for touring productions. Digitize and upload policy information to your Critical Stuff on ArtsReady.',35,35,NULL,'2011-08-22 13:17:12','2011-08-22 13:17:12'),(45,'Develop and document policies for changing or substituting a touring production to compensate for a delay or cancellation. Train staff in the policies.',35,35,NULL,'2011-08-22 13:17:12','2011-08-22 13:17:12'),(46,'Designate an alternate location or phone number for call forwarding. Make an arrangement for a Battle Buddy to act as a communication proxy as needed.',36,36,NULL,'2011-08-22 13:17:12','2011-08-22 13:17:12'),(47,'Set up remote access for the internal events calendar so it can be updated both internally and publically.',37,37,NULL,'2011-08-22 13:17:12','2011-08-22 13:17:12'),(48,'Develop a back up and/or offline system for box office sales should the current system fail. Cross train staff in the backup system.',38,38,NULL,'2011-08-22 13:17:12','2011-08-22 13:17:12'),(49,'Develop and clearly document a refund policy for the public in case an event gets cancelled. Train staff and volunteers in refund protocols.',39,39,NULL,'2011-08-22 13:17:12','2011-08-22 13:17:12'),(50,'Develop and post an evacuation plan. Make sure all staff and volunteers are aware of its locations.',40,40,NULL,'2011-08-22 13:17:12','2011-08-22 13:17:12'),(51,'Time practice evacuating the public your facility! Be sure to also discuss and develop procedures for evacuating the public with your staff. Document and upload those procedures to your Critical Stuff on ArtsReady.',41,41,NULL,'2011-08-22 13:17:12','2011-08-22 13:17:12'),(52,'Develop a facility shut down and prep plan for cases of advanced warning. Designate tasks in the plan to at least one staff member and a backup person who have appropriate accesses.',42,42,NULL,'2011-08-22 13:17:13','2011-08-22 13:17:13'),(53,'Secure the most valuable assets in your organization in a well-protected place. Designate access to at least one trusted staff member and backup person.',43,43,NULL,'2011-08-22 13:17:13','2011-08-22 13:17:13'),(54,'Time to check emergency safety equipment! This includes fire alarms, extinguishers, carbon monoxide alarms, humidity detectors, etc.',44,44,NULL,'2011-08-22 13:17:13','2011-08-22 13:17:13'),(55,'Update the organization\'s alarm systems. Document the security codes and passwords in your Critical Stuff on ArtsReady.',45,45,NULL,'2011-08-22 13:17:13','2011-08-22 13:17:13'),(56,'Set up a facility tour with the police and fire departments to gain security advice.',46,46,NULL,'2011-08-22 13:17:13','2011-08-22 13:17:13'),(57,'Designate a trusted employee or volunteer and backup person near the facility to have copies of all facility keys. The same person should also have access at home to hard and/or digital copies of alarm codes.',47,47,NULL,'2011-08-22 13:17:13','2011-08-22 13:17:13'),(58,'Confer with the landlord of your space. Ensure that s/he has updated contact information for at least two of your organization\'s personnel and vice versa.',48,48,NULL,'2011-08-22 13:17:13','2011-08-22 13:17:13'),(59,'Create or update at least one emergency kit. Notify all employees and volunteers of its location(s).',49,49,NULL,'2011-08-22 13:17:13','2011-08-22 13:17:13'),(60,'Procure and test an emergency back-up generator for your facility. Cross train staff on its function as needed.',50,50,NULL,'2011-08-22 13:17:13','2011-08-22 13:17:13'),(61,'Form or update your Battle Buddy relationships to ensure back-up facility agreements.',51,51,NULL,'2011-08-22 13:17:13','2011-08-22 13:17:13'),(62,'Document the current programming schedule and cross train staff in each event\'s basic function.',52,52,NULL,'2011-08-22 13:17:13','2011-08-22 13:17:13'),(63,'Locate and list backup vendors for mandatory supplies for you organization.',53,53,NULL,'2011-08-22 13:17:13','2011-08-22 13:17:13'),(64,'Develop a priority list to prepare for any necessary cuts or budget adjustments to programming.',54,54,NULL,'2011-08-22 13:17:13','2011-08-22 13:17:13'),(65,'Create and update a communication strategy for contacting program participants quickly. Document those procedures and current contact lists; upload to your Critical Stuff on ArtsReady.',55,55,NULL,'2011-08-22 13:17:13','2011-08-22 13:17:13'),(66,'Update all documents pertaining to grants and backup digital copies off site.',56,56,NULL,'2011-08-22 13:17:13','2011-08-22 13:17:13'),(67,'Cross train at least one back up staff member in day-to-day grantmaking procedures, including any software used in the process. Ensure that person has the necessary accesses.',57,57,NULL,'2011-08-22 13:17:13','2011-08-22 13:17:13'),(68,'Designate at least one potential signatory in case the usual signatory is not available.',58,58,NULL,'2011-08-22 13:17:13','2011-08-22 13:17:13'),(69,'Develop an emergency payment process for grantees should the usual payment method become stalled.',59,59,NULL,'2011-08-22 13:17:13','2011-08-22 13:17:13'),(70,'Create achievable guidelines for aiding your constituents and grantees should a community crisis occur. Cross train staff in those methods.',60,60,NULL,'2011-08-22 13:17:13','2011-08-22 13:17:13'),(71,'Cross train staff in payout requirements and procedures for pass-through funds, especially those requiring reports or forms. Document pertinent deadlines and procedures clearly and store in an accessible, digital location.',61,61,NULL,'2011-08-22 13:17:13','2011-08-22 13:17:13'),(72,'Develop a plan for communicating with your grant recipients and/or applicants about any important changes in the budgets or awards. Create a backed-up and accessible contact list of them that includes phone and e-mail.',62,62,NULL,'2011-08-22 13:17:13','2011-08-22 13:17:13'),(73,'Document the current exhibit schedule and preparation protocol sheet(s). Backup digitally, and make hard and soft copies accessible to all staff.',63,63,NULL,'2011-08-22 13:17:13','2011-08-22 13:17:13'),(74,'Create a contingency plan for accessing backup tools or hardware needed for exhibit installation/de-installation.',64,64,NULL,'2011-08-22 13:17:13','2011-08-22 13:17:13'),(75,'Digitize contracts/loan agreements with artists, organizations, and contractors and backup on an external server. Include their contact information.',65,65,NULL,'2011-08-22 13:17:13','2011-08-22 13:17:13'),(76,'Establish a policy for the delay/cancellation of an exhibit and back up the documentation on an external server.',66,66,NULL,'2011-08-22 13:17:13','2011-08-22 13:17:13'),(77,'Create a contract template to be signed by borrowing organizations that details your policy regarding damaged pieces or exhibit loss. If necessary develop a contingency plan for such a loss.',67,67,NULL,'2011-08-22 13:17:13','2011-08-22 13:17:13'),(78,'Create condition reports to be filled out before and after the loan of an object to track any damage or wear that may occur.',67,67,NULL,'2011-08-22 13:17:13','2011-08-22 13:17:13'),(79,'Create a comprehensive database with the details about all exhibit pieces. Include dimensions, medium, and insurance value. Backup this file and make it accessible offsite.',68,68,NULL,'2011-08-22 13:17:13','2011-08-22 13:17:13'),(80,'Make photographic documentation of all exhibit pieces. Organize and store on an offsite server. Link these photos to a comprehensive database that verbally describes the piece.',68,68,NULL,'2011-08-22 13:17:13','2011-08-22 13:17:13'),(81,'Create or update existing protocol for acquiring new exhibits or pieces to include immediate comprehensive documentation and value assessment.',69,69,NULL,'2011-08-22 13:17:13','2011-08-22 13:17:13'),(82,'Get insurance coverage for your exhibits (or add it to your current policy). Upload the insurance company or agent\'s contact information, a copy of the policy, and the policy number to your Critical Stuff on ArtsReady.',70,70,NULL,'2011-08-22 13:17:13','2011-08-22 13:17:13'),(83,'Cross train staff in handling exhibit pieces, in case the usual person is suddenly absent. Include special notations for especially delicate objects.',71,71,NULL,'2011-08-22 13:17:13','2011-08-22 13:17:13'),(84,'Make a \'priority list\' that designates which objects should be considered most immediate for facility evacuation. Make the list readily accessible to staff.',72,72,NULL,'2011-08-22 13:17:13','2011-08-22 13:17:13'),(85,'Develop and document transportation requirements, and make an emergency storage plan with a Battle Buddy if sensitive objects need to evacuate your facility quickly.',72,72,NULL,'2011-08-22 13:17:13','2011-08-22 13:17:13'),(86,'Locate and list alternate storage and transportation facilities in and out of region that could be utilized for emergency storage/shipment of sensitive objects. Be sure to find the appropriate environmental controls as needed.',72,72,NULL,'2011-08-22 13:17:13','2011-08-22 13:17:13');
/*!40000 ALTER TABLE `action_items` ENABLE KEYS */;
UNLOCK TABLES;

--
-- Table structure for table `answers`
--

DROP TABLE IF EXISTS `answers`;
/*!40101 SET @saved_cs_client     = @@character_set_client */;
/*!40101 SET character_set_client = utf8 */;
CREATE TABLE `answers` (
  `id` int(11) NOT NULL AUTO_INCREMENT,
  `assessment_id` int(11) DEFAULT NULL,
  `question_id` int(11) DEFAULT NULL,
  `preparedness` varchar(255) COLLATE utf8_unicode_ci DEFAULT NULL,
  `priority` varchar(255) COLLATE utf8_unicode_ci DEFAULT NULL,
  `was_skipped` tinyint(1) DEFAULT NULL,
  `created_at` datetime DEFAULT NULL,
  `updated_at` datetime DEFAULT NULL,
  `critical_function` varchar(255) COLLATE utf8_unicode_ci DEFAULT NULL,
  PRIMARY KEY (`id`),
  KEY `index_answers_on_assessment_id` (`assessment_id`),
  KEY `index_answers_on_critical_function` (`critical_function`),
  KEY `index_answers_on_question_id` (`question_id`)
) ENGINE=InnoDB AUTO_INCREMENT=361 DEFAULT CHARSET=utf8 COLLATE=utf8_unicode_ci;
/*!40101 SET character_set_client = @saved_cs_client */;

--
-- Dumping data for table `answers`
--

LOCK TABLES `answers` WRITE;
/*!40000 ALTER TABLE `answers` DISABLE KEYS */;
INSERT INTO `answers` VALUES (1,1,1,'needs work','non-critical',NULL,'2011-08-24 14:02:25','2011-08-24 14:22:37','people'),(2,1,2,'needs work','non-critical',NULL,'2011-08-24 14:02:25','2011-08-24 20:13:01','people'),(3,1,3,'needs work','non-critical',NULL,'2011-08-24 14:02:25','2011-08-24 14:10:00','people'),(4,1,4,'needs work','non-critical',NULL,'2011-08-24 14:02:25','2011-08-24 14:09:50','people'),(5,1,5,'needs work','non-critical',NULL,'2011-08-24 14:02:25','2011-08-24 14:09:24','people'),(6,1,6,'ready','critical',NULL,'2011-08-24 14:02:25','2011-08-24 14:06:03','people'),(7,1,7,NULL,NULL,1,'2011-08-24 14:02:25','2011-08-24 20:13:08','people'),(8,1,8,'ready','non-critical',NULL,'2011-08-24 14:02:25','2011-08-24 14:05:35','people'),(9,1,9,'ready','non-critical',NULL,'2011-08-24 14:02:25','2011-08-24 20:13:21','people'),(10,1,10,'ready','critical',NULL,'2011-08-24 14:02:25','2011-08-24 14:05:15','people'),(11,1,11,'ready','non-critical',NULL,'2011-08-24 14:02:25','2011-08-24 14:24:13','finance'),(12,1,12,'ready','non-critical',NULL,'2011-08-24 14:02:25','2011-08-24 20:13:43','finance'),(13,1,13,'ready','non-critical',NULL,'2011-08-24 14:02:26','2011-08-24 20:14:02','finance'),(14,1,14,NULL,NULL,NULL,'2011-08-24 14:02:26','2011-08-24 14:02:26','finance'),(15,1,15,'ready','non-critical',NULL,'2011-08-24 14:02:26','2011-08-24 20:16:47','finance'),(16,1,16,NULL,NULL,NULL,'2011-08-24 14:02:26','2011-08-24 14:02:26','finance'),(17,1,17,NULL,NULL,1,'2011-08-24 14:02:26','2011-09-12 15:56:42','finance'),(18,1,18,NULL,NULL,NULL,'2011-08-24 14:02:26','2011-08-24 14:02:26','finance'),(19,1,19,NULL,NULL,NULL,'2011-08-24 14:02:26','2011-08-24 14:02:26','finance'),(20,1,20,NULL,NULL,1,'2011-08-24 14:02:26','2011-08-24 20:17:21','finance'),(21,1,21,NULL,NULL,1,'2011-08-24 14:02:26','2011-09-12 15:57:19','finance'),(22,1,22,'ready','non-critical',NULL,'2011-08-24 14:02:26','2011-09-12 16:28:08','technology'),(23,1,23,'ready','non-critical',NULL,'2011-08-24 14:02:26','2011-09-12 16:28:20','technology'),(24,1,24,NULL,NULL,1,'2011-08-24 14:02:26','2011-09-12 16:28:33','technology'),(25,1,25,NULL,NULL,1,'2011-08-24 14:02:26','2011-09-12 16:28:39','technology'),(26,1,26,'not ready','non-critical',NULL,'2011-08-24 14:02:26','2011-09-12 16:28:51','technology'),(27,1,27,NULL,NULL,NULL,'2011-08-24 14:02:26','2011-08-24 14:02:26','technology'),(28,1,28,'ready','critical',NULL,'2011-08-24 14:02:26','2011-09-12 16:29:26','technology'),(29,1,29,'ready','non-critical',NULL,'2011-08-24 14:02:26','2011-09-12 16:29:40','technology'),(30,1,30,'needs work','non-critical',NULL,'2011-08-24 14:02:26','2011-09-12 16:29:51','technology'),(31,1,31,'ready','critical',NULL,'2011-08-24 14:02:26','2011-09-12 16:30:06','productions'),(32,1,32,'needs work','non-critical',NULL,'2011-08-24 14:02:26','2011-09-12 16:30:18','productions'),(33,1,33,NULL,NULL,NULL,'2011-08-24 14:02:26','2011-08-24 14:02:26','productions'),(34,1,34,'ready','non-critical',NULL,'2011-08-24 14:02:26','2011-09-12 16:30:39','productions'),(35,1,35,NULL,NULL,1,'2011-08-24 14:02:26','2011-08-24 20:18:46','productions'),(36,1,36,'ready','non-critical',NULL,'2011-08-24 14:02:26','2011-09-12 16:30:53','ticketing'),(37,1,37,'needs work','non-critical',NULL,'2011-08-24 14:02:26','2011-09-12 16:31:02','ticketing'),(38,1,38,NULL,NULL,NULL,'2011-08-24 14:02:26','2011-08-24 14:02:26','ticketing'),(39,1,39,NULL,NULL,NULL,'2011-08-24 14:02:26','2011-08-24 14:02:26','ticketing'),(40,1,40,'ready','critical',NULL,'2011-08-24 14:02:26','2011-09-12 16:31:32','facilities'),(41,1,41,'ready','critical',NULL,'2011-08-24 14:02:26','2011-09-12 16:31:44','facilities'),(42,1,42,'ready','non-critical',NULL,'2011-08-24 14:02:26','2011-09-12 16:31:56','facilities'),(43,1,43,'ready','critical',NULL,'2011-08-24 14:02:26','2011-09-12 16:32:06','facilities'),(44,1,44,'ready','critical',NULL,'2011-08-24 14:02:26','2011-09-12 16:32:14','facilities'),(45,1,45,'ready','critical',NULL,'2011-08-24 14:02:26','2011-09-12 16:32:22','facilities'),(46,1,46,'ready','critical',NULL,'2011-08-24 14:02:26','2011-09-12 16:32:29','facilities'),(47,1,47,'ready','non-critical',NULL,'2011-08-24 14:02:26','2011-09-12 16:32:47','facilities'),(48,1,48,NULL,NULL,1,'2011-08-24 14:02:26','2011-09-12 16:32:53','facilities'),(49,1,49,'needs work','non-critical',NULL,'2011-08-24 14:02:26','2011-09-12 16:33:07','facilities'),(50,1,50,NULL,NULL,NULL,'2011-08-24 14:02:26','2011-08-24 14:02:26','facilities'),(51,1,51,'needs work','non-critical',NULL,'2011-08-24 14:02:26','2011-09-12 16:33:22','facilities'),(52,1,52,'needs work','non-critical',NULL,'2011-08-24 14:02:26','2011-09-12 16:33:47','programs'),(53,1,53,'ready','non-critical',NULL,'2011-08-24 14:02:26','2011-09-12 16:33:55','programs'),(54,1,54,'needs work','non-critical',NULL,'2011-08-24 14:02:26','2011-09-12 16:34:11','programs'),(55,1,55,'ready','non-critical',NULL,'2011-08-24 14:02:26','2011-09-12 16:34:20','programs'),(56,1,56,'ready','non-critical',NULL,'2011-08-24 14:02:26','2011-09-12 16:34:36','grantmaking'),(57,1,57,'ready','non-critical',NULL,'2011-08-24 14:02:26','2011-09-12 16:34:44','grantmaking'),(58,1,58,NULL,NULL,1,'2011-08-24 14:02:26','2011-09-12 16:34:48','grantmaking'),(59,1,59,NULL,NULL,1,'2011-08-24 14:02:26','2011-09-12 16:34:54','grantmaking'),(60,1,60,'not ready','non-critical',0,'2011-08-24 14:02:26','2011-09-12 16:35:17','grantmaking'),(61,1,61,NULL,NULL,1,'2011-08-24 14:02:26','2011-09-12 16:35:26','grantmaking'),(62,1,62,NULL,NULL,1,'2011-08-24 14:02:26','2011-09-12 16:35:36','grantmaking'),(63,1,63,'not ready','non-critical',NULL,'2011-08-24 14:02:26','2011-09-12 17:08:56','exhibits'),(64,1,64,NULL,NULL,1,'2011-08-24 14:02:26','2011-09-12 17:09:08','exhibits'),(65,1,65,'needs work','non-critical',NULL,'2011-08-24 14:02:26','2011-09-12 17:09:28','exhibits'),(66,1,66,'ready','non-critical',NULL,'2011-08-24 14:02:26','2011-09-12 17:09:43','exhibits'),(67,1,67,NULL,NULL,1,'2011-08-24 14:02:26','2011-09-12 17:09:47','exhibits'),(68,1,68,'needs work','non-critical',NULL,'2011-08-24 14:02:26','2011-09-12 17:10:04','exhibits'),(69,1,69,'needs work','non-critical',NULL,'2011-08-24 14:02:26','2011-09-12 17:10:16','exhibits'),(70,1,70,'ready','non-critical',NULL,'2011-08-24 14:02:26','2011-09-12 17:10:42','exhibits'),(71,1,71,NULL,NULL,1,'2011-08-24 14:02:26','2011-09-12 17:10:49','exhibits'),(72,1,72,'not ready','non-critical',NULL,'2011-08-24 14:02:26','2011-09-12 17:11:06','exhibits'),(73,2,1,'ready','non-critical',NULL,'2011-08-24 16:17:42','2011-08-24 16:18:49','people'),(74,2,2,'ready','critical',NULL,'2011-08-24 16:17:42','2011-08-24 16:18:57','people'),(75,2,3,NULL,NULL,NULL,'2011-08-24 16:17:42','2011-08-24 16:17:42','people'),(76,2,4,NULL,NULL,NULL,'2011-08-24 16:17:42','2011-08-24 16:17:42','people'),(77,2,5,NULL,NULL,NULL,'2011-08-24 16:17:42','2011-08-24 16:17:42','people'),(78,2,6,NULL,NULL,NULL,'2011-08-24 16:17:42','2011-08-24 16:17:42','people'),(79,2,7,NULL,NULL,NULL,'2011-08-24 16:17:42','2011-08-24 16:17:42','people'),(80,2,8,NULL,NULL,NULL,'2011-08-24 16:17:43','2011-08-24 16:17:43','people'),(81,2,9,NULL,NULL,NULL,'2011-08-24 16:17:43','2011-08-24 16:17:43','people'),(82,2,10,NULL,NULL,NULL,'2011-08-24 16:17:43','2011-08-24 16:17:43','people'),(83,2,11,NULL,NULL,NULL,'2011-08-24 16:17:43','2011-08-24 16:17:43','finance'),(84,2,12,NULL,NULL,NULL,'2011-08-24 16:17:43','2011-08-24 16:17:43','finance'),(85,2,13,NULL,NULL,NULL,'2011-08-24 16:17:43','2011-08-24 16:17:43','finance'),(86,2,14,NULL,NULL,NULL,'2011-08-24 16:17:43','2011-08-24 16:17:43','finance'),(87,2,15,NULL,NULL,NULL,'2011-08-24 16:17:43','2011-08-24 16:17:43','finance'),(88,2,16,NULL,NULL,NULL,'2011-08-24 16:17:43','2011-08-24 16:17:43','finance'),(89,2,17,NULL,NULL,NULL,'2011-08-24 16:17:43','2011-08-24 16:17:43','finance'),(90,2,18,NULL,NULL,NULL,'2011-08-24 16:17:43','2011-08-24 16:17:43','finance'),(91,2,19,NULL,NULL,NULL,'2011-08-24 16:17:43','2011-08-24 16:17:43','finance'),(92,2,20,NULL,NULL,NULL,'2011-08-24 16:17:43','2011-08-24 16:17:43','finance'),(93,2,21,NULL,NULL,NULL,'2011-08-24 16:17:43','2011-08-24 16:17:43','finance'),(94,2,22,NULL,NULL,NULL,'2011-08-24 16:17:43','2011-08-24 16:17:43','technology'),(95,2,23,NULL,NULL,NULL,'2011-08-24 16:17:43','2011-08-24 16:17:43','technology'),(96,2,24,NULL,NULL,NULL,'2011-08-24 16:17:43','2011-08-24 16:17:43','technology'),(97,2,25,NULL,NULL,NULL,'2011-08-24 16:17:43','2011-08-24 16:17:43','technology'),(98,2,26,NULL,NULL,NULL,'2011-08-24 16:17:43','2011-08-24 16:17:43','technology'),(99,2,27,NULL,NULL,NULL,'2011-08-24 16:17:43','2011-08-24 16:17:43','technology'),(100,2,28,NULL,NULL,NULL,'2011-08-24 16:17:43','2011-08-24 16:17:43','technology'),(101,2,29,NULL,NULL,NULL,'2011-08-24 16:17:43','2011-08-24 16:17:43','technology'),(102,2,30,NULL,NULL,NULL,'2011-08-24 16:17:43','2011-08-24 16:17:43','technology'),(103,2,31,NULL,NULL,NULL,'2011-08-24 16:17:43','2011-08-24 16:17:43','productions'),(104,2,32,NULL,NULL,NULL,'2011-08-24 16:17:43','2011-08-24 16:17:43','productions'),(105,2,33,NULL,NULL,NULL,'2011-08-24 16:17:43','2011-08-24 16:17:43','productions'),(106,2,34,NULL,NULL,NULL,'2011-08-24 16:17:43','2011-08-24 16:17:43','productions'),(107,2,35,NULL,NULL,NULL,'2011-08-24 16:17:43','2011-08-24 16:17:43','productions'),(108,2,36,NULL,NULL,NULL,'2011-08-24 16:17:43','2011-08-24 16:17:43','ticketing'),(109,2,37,NULL,NULL,NULL,'2011-08-24 16:17:43','2011-08-24 16:17:43','ticketing'),(110,2,38,NULL,NULL,NULL,'2011-08-24 16:17:43','2011-08-24 16:17:43','ticketing'),(111,2,39,NULL,NULL,NULL,'2011-08-24 16:17:43','2011-08-24 16:17:43','ticketing'),(112,2,40,NULL,NULL,NULL,'2011-08-24 16:17:43','2011-08-24 16:17:43','facilities'),(113,2,41,NULL,NULL,NULL,'2011-08-24 16:17:43','2011-08-24 16:17:43','facilities'),(114,2,42,NULL,NULL,NULL,'2011-08-24 16:17:43','2011-08-24 16:17:43','facilities'),(115,2,43,NULL,NULL,NULL,'2011-08-24 16:17:43','2011-08-24 16:17:43','facilities'),(116,2,44,NULL,NULL,NULL,'2011-08-24 16:17:43','2011-08-24 16:17:43','facilities'),(117,2,45,NULL,NULL,NULL,'2011-08-24 16:17:43','2011-08-24 16:17:43','facilities'),(118,2,46,NULL,NULL,NULL,'2011-08-24 16:17:43','2011-08-24 16:17:43','facilities'),(119,2,47,NULL,NULL,NULL,'2011-08-24 16:17:43','2011-08-24 16:17:43','facilities'),(120,2,48,NULL,NULL,NULL,'2011-08-24 16:17:43','2011-08-24 16:17:43','facilities'),(121,2,49,NULL,NULL,NULL,'2011-08-24 16:17:43','2011-08-24 16:17:43','facilities'),(122,2,50,NULL,NULL,NULL,'2011-08-24 16:17:43','2011-08-24 16:17:43','facilities'),(123,2,51,NULL,NULL,NULL,'2011-08-24 16:17:43','2011-08-24 16:17:43','facilities'),(124,2,52,NULL,NULL,NULL,'2011-08-24 16:17:43','2011-08-24 16:17:43','programs'),(125,2,53,NULL,NULL,NULL,'2011-08-24 16:17:43','2011-08-24 16:17:43','programs'),(126,2,54,NULL,NULL,NULL,'2011-08-24 16:17:43','2011-08-24 16:17:43','programs'),(127,2,55,NULL,NULL,NULL,'2011-08-24 16:17:43','2011-08-24 16:17:43','programs'),(128,2,56,NULL,NULL,NULL,'2011-08-24 16:17:43','2011-08-24 16:17:43','grantmaking'),(129,2,57,NULL,NULL,NULL,'2011-08-24 16:17:43','2011-08-24 16:17:43','grantmaking'),(130,2,58,NULL,NULL,NULL,'2011-08-24 16:17:43','2011-08-24 16:17:43','grantmaking'),(131,2,59,NULL,NULL,NULL,'2011-08-24 16:17:43','2011-08-24 16:17:43','grantmaking'),(132,2,60,NULL,NULL,NULL,'2011-08-24 16:17:43','2011-08-24 16:17:43','grantmaking'),(133,2,61,NULL,NULL,NULL,'2011-08-24 16:17:43','2011-08-24 16:17:43','grantmaking'),(134,2,62,NULL,NULL,NULL,'2011-08-24 16:17:43','2011-08-24 16:17:43','grantmaking'),(135,2,63,NULL,NULL,NULL,'2011-08-24 16:17:43','2011-08-24 16:17:43','exhibits'),(136,2,64,NULL,NULL,NULL,'2011-08-24 16:17:43','2011-08-24 16:17:43','exhibits'),(137,2,65,NULL,NULL,NULL,'2011-08-24 16:17:43','2011-08-24 16:17:43','exhibits'),(138,2,66,NULL,NULL,NULL,'2011-08-24 16:17:43','2011-08-24 16:17:43','exhibits'),(139,2,67,NULL,NULL,NULL,'2011-08-24 16:17:43','2011-08-24 16:17:43','exhibits'),(140,2,68,NULL,NULL,NULL,'2011-08-24 16:17:43','2011-08-24 16:17:43','exhibits'),(141,2,69,NULL,NULL,NULL,'2011-08-24 16:17:43','2011-08-24 16:17:43','exhibits'),(142,2,70,NULL,NULL,NULL,'2011-08-24 16:17:43','2011-08-24 16:17:43','exhibits'),(143,2,71,NULL,NULL,NULL,'2011-08-24 16:17:43','2011-08-24 16:17:43','exhibits'),(144,2,72,NULL,NULL,NULL,'2011-08-24 16:17:43','2011-08-24 16:17:43','exhibits'),(145,3,1,'needs work','critical',0,'2011-08-25 02:28:51','2011-09-13 15:16:17','people'),(146,3,2,'ready','non-critical',NULL,'2011-08-25 02:28:51','2011-09-13 15:16:30','people'),(147,3,3,'not ready','critical',NULL,'2011-08-25 02:28:51','2011-09-13 15:16:37','people'),(148,3,4,'needs work','critical',0,'2011-08-25 02:28:51','2011-09-13 20:32:22','people'),(149,3,5,'needs work','critical',0,'2011-08-25 02:28:51','2011-09-13 20:32:31','people'),(150,3,6,'not ready','critical',NULL,'2011-08-25 02:28:51','2011-09-13 20:34:03','people'),(151,3,7,'not ready','critical',NULL,'2011-08-25 02:28:51','2011-09-13 20:34:11','people'),(152,3,8,'not ready','critical',NULL,'2011-08-25 02:28:51','2011-09-13 20:35:18','people'),(153,3,9,'not ready','critical',NULL,'2011-08-25 02:28:51','2011-09-13 20:35:28','people'),(154,3,10,'not ready','critical',NULL,'2011-08-25 02:28:51','2011-09-13 20:34:19','people'),(155,3,11,NULL,NULL,NULL,'2011-08-25 02:28:51','2011-08-25 02:28:51','finance'),(156,3,12,NULL,NULL,NULL,'2011-08-25 02:28:52','2011-08-25 02:28:52','finance'),(157,3,13,NULL,NULL,NULL,'2011-08-25 02:28:52','2011-08-25 02:28:52','finance'),(158,3,14,NULL,NULL,NULL,'2011-08-25 02:28:52','2011-08-25 02:28:52','finance'),(159,3,15,NULL,NULL,NULL,'2011-08-25 02:28:52','2011-08-25 02:28:52','finance'),(160,3,16,NULL,NULL,NULL,'2011-08-25 02:28:52','2011-08-25 02:28:52','finance'),(161,3,17,NULL,NULL,NULL,'2011-08-25 02:28:52','2011-08-25 02:28:52','finance'),(162,3,18,NULL,NULL,NULL,'2011-08-25 02:28:52','2011-08-25 02:28:52','finance'),(163,3,19,NULL,NULL,NULL,'2011-08-25 02:28:52','2011-08-25 02:28:52','finance'),(164,3,20,NULL,NULL,NULL,'2011-08-25 02:28:52','2011-08-25 02:28:52','finance'),(165,3,21,NULL,NULL,NULL,'2011-08-25 02:28:52','2011-08-25 02:28:52','finance'),(166,3,22,'not ready','critical',NULL,'2011-08-25 02:28:52','2011-09-13 15:32:34','technology'),(167,3,23,'ready','critical',NULL,'2011-08-25 02:28:52','2011-09-13 15:32:42','technology'),(168,3,24,'not ready','non-critical',NULL,'2011-08-25 02:28:52','2011-09-13 15:32:47','technology'),(169,3,25,'not ready','critical',NULL,'2011-08-25 02:28:52','2011-09-13 20:36:33','technology'),(170,3,26,'not ready','critical',NULL,'2011-08-25 02:28:52','2011-09-13 20:36:46','technology'),(171,3,27,'not ready','critical',NULL,'2011-08-25 02:28:52','2011-09-13 20:37:23','technology'),(172,3,28,'not ready','critical',NULL,'2011-08-25 02:28:52','2011-09-13 20:37:15','technology'),(173,3,29,'not ready','critical',NULL,'2011-08-25 02:28:52','2011-09-13 20:37:07','technology'),(174,3,30,'not ready','critical',NULL,'2011-08-25 02:28:52','2011-09-13 20:36:56','technology'),(175,3,31,'not ready','critical',0,'2011-08-25 02:28:52','2011-09-13 20:34:37','productions'),(176,3,32,'not ready','critical',NULL,'2011-08-25 02:28:52','2011-09-13 20:34:42','productions'),(177,3,33,'not ready','critical',NULL,'2011-08-25 02:28:52','2011-09-13 20:34:46','productions'),(178,3,34,'not ready','critical',NULL,'2011-08-25 02:28:52','2011-09-13 20:34:55','productions'),(179,3,35,'not ready','critical',NULL,'2011-08-25 02:28:52','2011-09-13 20:35:03','productions'),(180,3,36,'not ready','critical',NULL,'2011-08-25 02:28:52','2011-09-13 20:37:41','ticketing'),(181,3,37,'not ready','critical',NULL,'2011-08-25 02:28:52','2011-09-13 20:37:46','ticketing'),(182,3,38,'not ready','critical',NULL,'2011-08-25 02:28:52','2011-09-13 20:37:51','ticketing'),(183,3,39,'not ready','critical',NULL,'2011-08-25 02:28:52','2011-09-13 20:37:56','ticketing'),(184,3,40,'not ready','critical',NULL,'2011-08-25 02:28:52','2011-09-13 20:38:55','facilities'),(185,3,41,'not ready','critical',NULL,'2011-08-25 02:28:52','2011-09-13 20:39:00','facilities'),(186,3,42,'not ready','critical',NULL,'2011-08-25 02:28:52','2011-09-13 20:39:08','facilities'),(187,3,43,'not ready','critical',NULL,'2011-08-25 02:28:52','2011-09-13 20:39:13','facilities'),(188,3,44,'not ready','critical',NULL,'2011-08-25 02:28:52','2011-09-13 20:39:22','facilities'),(189,3,45,'not ready','critical',NULL,'2011-08-25 02:28:52','2011-09-13 20:39:34','facilities'),(190,3,46,'not ready','critical',NULL,'2011-08-25 02:28:52','2011-09-13 20:47:05','facilities'),(191,3,47,'not ready','critical',NULL,'2011-08-25 02:28:52','2011-09-13 20:47:13','facilities'),(192,3,48,'not ready','critical',NULL,'2011-08-25 02:28:52','2011-09-13 20:47:22','facilities'),(193,3,49,'not ready','critical',NULL,'2011-08-25 02:28:52','2011-09-13 20:47:30','facilities'),(194,3,50,'not ready','critical',NULL,'2011-08-25 02:28:52','2011-09-13 20:48:23','facilities'),(195,3,51,'not ready','critical',NULL,'2011-08-25 02:28:52','2011-09-13 20:48:32','facilities'),(196,3,52,'not ready','critical',NULL,'2011-08-25 02:28:52','2011-09-13 20:38:12','programs'),(197,3,53,'not ready','critical',NULL,'2011-08-25 02:28:52','2011-09-13 20:38:17','programs'),(198,3,54,'not ready','critical',NULL,'2011-08-25 02:28:52','2011-09-13 20:38:22','programs'),(199,3,55,'not ready','critical',NULL,'2011-08-25 02:28:52','2011-09-13 20:38:27','programs'),(200,3,56,NULL,NULL,NULL,'2011-08-25 02:28:52','2011-08-25 02:28:52','grantmaking'),(201,3,57,NULL,NULL,NULL,'2011-08-25 02:28:52','2011-08-25 02:28:52','grantmaking'),(202,3,58,NULL,NULL,NULL,'2011-08-25 02:28:52','2011-08-25 02:28:52','grantmaking'),(203,3,59,NULL,NULL,NULL,'2011-08-25 02:28:52','2011-08-25 02:28:52','grantmaking'),(204,3,60,NULL,NULL,NULL,'2011-08-25 02:28:52','2011-08-25 02:28:52','grantmaking'),(205,3,61,NULL,NULL,NULL,'2011-08-25 02:28:52','2011-08-25 02:28:52','grantmaking'),(206,3,62,NULL,NULL,NULL,'2011-08-25 02:28:52','2011-08-25 02:28:52','grantmaking'),(207,3,63,NULL,NULL,NULL,'2011-08-25 02:28:52','2011-08-25 02:28:52','exhibits'),(208,3,64,NULL,NULL,NULL,'2011-08-25 02:28:52','2011-08-25 02:28:52','exhibits'),(209,3,65,NULL,NULL,NULL,'2011-08-25 02:28:52','2011-08-25 02:28:52','exhibits'),(210,3,66,NULL,NULL,NULL,'2011-08-25 02:28:52','2011-08-25 02:28:52','exhibits'),(211,3,67,NULL,NULL,NULL,'2011-08-25 02:28:52','2011-08-25 02:28:52','exhibits'),(212,3,68,NULL,NULL,NULL,'2011-08-25 02:28:52','2011-08-25 02:28:52','exhibits'),(213,3,69,NULL,NULL,NULL,'2011-08-25 02:28:52','2011-08-25 02:28:52','exhibits'),(214,3,70,NULL,NULL,NULL,'2011-08-25 02:28:52','2011-08-25 02:28:52','exhibits'),(215,3,71,NULL,NULL,NULL,'2011-08-25 02:28:52','2011-08-25 02:28:52','exhibits'),(216,3,72,NULL,NULL,NULL,'2011-08-25 02:28:52','2011-08-25 02:28:52','exhibits'),(217,4,1,NULL,NULL,NULL,'2011-08-25 13:32:35','2011-08-25 13:32:35','people'),(218,4,2,NULL,NULL,NULL,'2011-08-25 13:32:35','2011-08-25 13:32:35','people'),(219,4,3,NULL,NULL,NULL,'2011-08-25 13:32:35','2011-08-25 13:32:35','people'),(220,4,4,NULL,NULL,NULL,'2011-08-25 13:32:35','2011-08-25 13:32:35','people'),(221,4,5,NULL,NULL,NULL,'2011-08-25 13:32:35','2011-08-25 13:32:35','people'),(222,4,6,NULL,NULL,NULL,'2011-08-25 13:32:35','2011-08-25 13:32:35','people'),(223,4,7,NULL,NULL,NULL,'2011-08-25 13:32:35','2011-08-25 13:32:35','people'),(224,4,8,NULL,NULL,NULL,'2011-08-25 13:32:35','2011-08-25 13:32:35','people'),(225,4,9,NULL,NULL,NULL,'2011-08-25 13:32:35','2011-08-25 13:32:35','people'),(226,4,10,NULL,NULL,NULL,'2011-08-25 13:32:35','2011-08-25 13:32:35','people'),(227,4,11,NULL,NULL,NULL,'2011-08-25 13:32:35','2011-08-25 13:32:35','finance'),(228,4,12,NULL,NULL,NULL,'2011-08-25 13:32:35','2011-08-25 13:32:35','finance'),(229,4,13,NULL,NULL,NULL,'2011-08-25 13:32:35','2011-08-25 13:32:35','finance'),(230,4,14,NULL,NULL,NULL,'2011-08-25 13:32:35','2011-08-25 13:32:35','finance'),(231,4,15,NULL,NULL,NULL,'2011-08-25 13:32:35','2011-08-25 13:32:35','finance'),(232,4,16,NULL,NULL,NULL,'2011-08-25 13:32:35','2011-08-25 13:32:35','finance'),(233,4,17,NULL,NULL,NULL,'2011-08-25 13:32:35','2011-08-25 13:32:35','finance'),(234,4,18,NULL,NULL,NULL,'2011-08-25 13:32:35','2011-08-25 13:32:35','finance'),(235,4,19,NULL,NULL,NULL,'2011-08-25 13:32:35','2011-08-25 13:32:35','finance'),(236,4,20,NULL,NULL,NULL,'2011-08-25 13:32:35','2011-08-25 13:32:35','finance'),(237,4,21,NULL,NULL,NULL,'2011-08-25 13:32:35','2011-08-25 13:32:35','finance'),(238,4,22,NULL,NULL,NULL,'2011-08-25 13:32:35','2011-08-25 13:32:35','technology'),(239,4,23,'not ready','critical',NULL,'2011-08-25 13:32:35','2011-08-25 13:32:53','technology'),(240,4,24,NULL,NULL,NULL,'2011-08-25 13:32:35','2011-08-25 13:32:35','technology'),(241,4,25,NULL,NULL,NULL,'2011-08-25 13:32:35','2011-08-25 13:32:35','technology'),(242,4,26,NULL,NULL,NULL,'2011-08-25 13:32:35','2011-08-25 13:32:35','technology'),(243,4,27,NULL,NULL,NULL,'2011-08-25 13:32:35','2011-08-25 13:32:35','technology'),(244,4,28,NULL,NULL,NULL,'2011-08-25 13:32:35','2011-08-25 13:32:35','technology'),(245,4,29,NULL,NULL,NULL,'2011-08-25 13:32:35','2011-08-25 13:32:35','technology'),(246,4,30,NULL,NULL,NULL,'2011-08-25 13:32:35','2011-08-25 13:32:35','technology'),(247,4,31,NULL,NULL,NULL,'2011-08-25 13:32:35','2011-08-25 13:32:35','productions'),(248,4,32,NULL,NULL,NULL,'2011-08-25 13:32:35','2011-08-25 13:32:35','productions'),(249,4,33,NULL,NULL,NULL,'2011-08-25 13:32:35','2011-08-25 13:32:35','productions'),(250,4,34,NULL,NULL,NULL,'2011-08-25 13:32:35','2011-08-25 13:32:35','productions'),(251,4,35,NULL,NULL,NULL,'2011-08-25 13:32:35','2011-08-25 13:32:35','productions'),(252,4,36,NULL,NULL,NULL,'2011-08-25 13:32:35','2011-08-25 13:32:35','ticketing'),(253,4,37,NULL,NULL,NULL,'2011-08-25 13:32:35','2011-08-25 13:32:35','ticketing'),(254,4,38,NULL,NULL,NULL,'2011-08-25 13:32:35','2011-08-25 13:32:35','ticketing'),(255,4,39,NULL,NULL,NULL,'2011-08-25 13:32:35','2011-08-25 13:32:35','ticketing'),(256,4,40,NULL,NULL,NULL,'2011-08-25 13:32:35','2011-08-25 13:32:35','facilities'),(257,4,41,NULL,NULL,NULL,'2011-08-25 13:32:35','2011-08-25 13:32:35','facilities'),(258,4,42,NULL,NULL,NULL,'2011-08-25 13:32:35','2011-08-25 13:32:35','facilities'),(259,4,43,NULL,NULL,NULL,'2011-08-25 13:32:35','2011-08-25 13:32:35','facilities'),(260,4,44,NULL,NULL,NULL,'2011-08-25 13:32:35','2011-08-25 13:32:35','facilities'),(261,4,45,NULL,NULL,NULL,'2011-08-25 13:32:35','2011-08-25 13:32:35','facilities'),(262,4,46,NULL,NULL,NULL,'2011-08-25 13:32:35','2011-08-25 13:32:35','facilities'),(263,4,47,NULL,NULL,NULL,'2011-08-25 13:32:35','2011-08-25 13:32:35','facilities'),(264,4,48,NULL,NULL,NULL,'2011-08-25 13:32:35','2011-08-25 13:32:35','facilities'),(265,4,49,NULL,NULL,NULL,'2011-08-25 13:32:35','2011-08-25 13:32:35','facilities'),(266,4,50,NULL,NULL,NULL,'2011-08-25 13:32:35','2011-08-25 13:32:35','facilities'),(267,4,51,NULL,NULL,NULL,'2011-08-25 13:32:35','2011-08-25 13:32:35','facilities'),(268,4,52,NULL,NULL,NULL,'2011-08-25 13:32:35','2011-08-25 13:32:35','programs'),(269,4,53,NULL,NULL,NULL,'2011-08-25 13:32:35','2011-08-25 13:32:35','programs'),(270,4,54,NULL,NULL,NULL,'2011-08-25 13:32:35','2011-08-25 13:32:35','programs'),(271,4,55,NULL,NULL,NULL,'2011-08-25 13:32:35','2011-08-25 13:32:35','programs'),(272,4,56,NULL,NULL,NULL,'2011-08-25 13:32:35','2011-08-25 13:32:35','grantmaking'),(273,4,57,NULL,NULL,NULL,'2011-08-25 13:32:35','2011-08-25 13:32:35','grantmaking'),(274,4,58,NULL,NULL,NULL,'2011-08-25 13:32:35','2011-08-25 13:32:35','grantmaking'),(275,4,59,NULL,NULL,NULL,'2011-08-25 13:32:35','2011-08-25 13:32:35','grantmaking'),(276,4,60,NULL,NULL,NULL,'2011-08-25 13:32:35','2011-08-25 13:32:35','grantmaking'),(277,4,61,NULL,NULL,NULL,'2011-08-25 13:32:35','2011-08-25 13:32:35','grantmaking'),(278,4,62,NULL,NULL,NULL,'2011-08-25 13:32:35','2011-08-25 13:32:35','grantmaking'),(279,4,63,NULL,NULL,NULL,'2011-08-25 13:32:35','2011-08-25 13:32:35','exhibits'),(280,4,64,NULL,NULL,NULL,'2011-08-25 13:32:35','2011-08-25 13:32:35','exhibits'),(281,4,65,NULL,NULL,NULL,'2011-08-25 13:32:35','2011-08-25 13:32:35','exhibits'),(282,4,66,NULL,NULL,NULL,'2011-08-25 13:32:35','2011-08-25 13:32:35','exhibits'),(283,4,67,NULL,NULL,NULL,'2011-08-25 13:32:35','2011-08-25 13:32:35','exhibits'),(284,4,68,NULL,NULL,NULL,'2011-08-25 13:32:35','2011-08-25 13:32:35','exhibits'),(285,4,69,NULL,NULL,NULL,'2011-08-25 13:32:35','2011-08-25 13:32:35','exhibits'),(286,4,70,NULL,NULL,NULL,'2011-08-25 13:32:35','2011-08-25 13:32:35','exhibits'),(287,4,71,NULL,NULL,NULL,'2011-08-25 13:32:35','2011-08-25 13:32:35','exhibits'),(288,4,72,NULL,NULL,NULL,'2011-08-25 13:32:35','2011-08-25 13:32:35','exhibits'),(289,5,1,NULL,NULL,NULL,'2011-09-13 13:37:15','2011-09-13 13:37:15','people'),(290,5,2,NULL,NULL,NULL,'2011-09-13 13:37:15','2011-09-13 13:37:15','people'),(291,5,3,NULL,NULL,NULL,'2011-09-13 13:37:15','2011-09-13 13:37:15','people'),(292,5,4,NULL,NULL,NULL,'2011-09-13 13:37:15','2011-09-13 13:37:15','people'),(293,5,5,NULL,NULL,NULL,'2011-09-13 13:37:15','2011-09-13 13:37:15','people'),(294,5,6,NULL,NULL,NULL,'2011-09-13 13:37:15','2011-09-13 13:37:15','people'),(295,5,7,NULL,NULL,NULL,'2011-09-13 13:37:15','2011-09-13 13:37:15','people'),(296,5,8,'ready','non-critical',NULL,'2011-09-13 13:37:15','2011-09-13 13:37:59','people'),(297,5,9,NULL,NULL,NULL,'2011-09-13 13:37:15','2011-09-13 13:37:15','people'),(298,5,10,NULL,NULL,NULL,'2011-09-13 13:37:15','2011-09-13 13:37:15','people'),(299,5,11,NULL,NULL,NULL,'2011-09-13 13:37:15','2011-09-13 13:37:15','finance'),(300,5,12,NULL,NULL,NULL,'2011-09-13 13:37:15','2011-09-13 13:37:15','finance'),(301,5,13,NULL,NULL,NULL,'2011-09-13 13:37:15','2011-09-13 13:37:15','finance'),(302,5,14,NULL,NULL,NULL,'2011-09-13 13:37:15','2011-09-13 13:37:15','finance'),(303,5,15,NULL,NULL,NULL,'2011-09-13 13:37:15','2011-09-13 13:37:15','finance'),(304,5,16,NULL,NULL,NULL,'2011-09-13 13:37:15','2011-09-13 13:37:15','finance'),(305,5,17,NULL,NULL,NULL,'2011-09-13 13:37:15','2011-09-13 13:37:15','finance'),(306,5,18,NULL,NULL,NULL,'2011-09-13 13:37:15','2011-09-13 13:37:15','finance'),(307,5,19,NULL,NULL,NULL,'2011-09-13 13:37:15','2011-09-13 13:37:15','finance'),(308,5,20,NULL,NULL,NULL,'2011-09-13 13:37:15','2011-09-13 13:37:15','finance'),(309,5,21,NULL,NULL,NULL,'2011-09-13 13:37:15','2011-09-13 13:37:15','finance'),(310,5,22,NULL,NULL,NULL,'2011-09-13 13:37:15','2011-09-13 13:37:15','technology'),(311,5,23,NULL,NULL,NULL,'2011-09-13 13:37:15','2011-09-13 13:37:15','technology'),(312,5,24,NULL,NULL,NULL,'2011-09-13 13:37:15','2011-09-13 13:37:15','technology'),(313,5,25,NULL,NULL,NULL,'2011-09-13 13:37:15','2011-09-13 13:37:15','technology'),(314,5,26,NULL,NULL,NULL,'2011-09-13 13:37:15','2011-09-13 13:37:15','technology'),(315,5,27,NULL,NULL,NULL,'2011-09-13 13:37:15','2011-09-13 13:37:15','technology'),(316,5,28,NULL,NULL,NULL,'2011-09-13 13:37:15','2011-09-13 13:37:15','technology'),(317,5,29,NULL,NULL,NULL,'2011-09-13 13:37:15','2011-09-13 13:37:15','technology'),(318,5,30,NULL,NULL,NULL,'2011-09-13 13:37:15','2011-09-13 13:37:15','technology'),(319,5,31,NULL,NULL,1,'2011-09-13 13:37:15','2011-09-13 13:37:15','productions'),(320,5,32,NULL,NULL,1,'2011-09-13 13:37:15','2011-09-13 13:37:15','productions'),(321,5,33,NULL,NULL,1,'2011-09-13 13:37:15','2011-09-13 13:37:15','productions'),(322,5,34,NULL,NULL,1,'2011-09-13 13:37:15','2011-09-13 13:37:15','productions'),(323,5,35,NULL,NULL,1,'2011-09-13 13:37:15','2011-09-13 13:37:15','productions'),(324,5,36,NULL,NULL,1,'2011-09-13 13:37:15','2011-09-13 13:37:15','ticketing'),(325,5,37,NULL,NULL,1,'2011-09-13 13:37:15','2011-09-13 13:37:15','ticketing'),(326,5,38,NULL,NULL,1,'2011-09-13 13:37:15','2011-09-13 13:37:15','ticketing'),(327,5,39,NULL,NULL,1,'2011-09-13 13:37:15','2011-09-13 13:37:15','ticketing'),(328,5,40,NULL,NULL,NULL,'2011-09-13 13:37:15','2011-09-13 13:37:15','facilities'),(329,5,41,NULL,NULL,NULL,'2011-09-13 13:37:15','2011-09-13 13:37:15','facilities'),(330,5,42,NULL,NULL,NULL,'2011-09-13 13:37:15','2011-09-13 13:37:15','facilities'),(331,5,43,NULL,NULL,NULL,'2011-09-13 13:37:15','2011-09-13 13:37:15','facilities'),(332,5,44,NULL,NULL,NULL,'2011-09-13 13:37:15','2011-09-13 13:37:15','facilities'),(333,5,45,NULL,NULL,NULL,'2011-09-13 13:37:15','2011-09-13 13:37:15','facilities'),(334,5,46,NULL,NULL,NULL,'2011-09-13 13:37:15','2011-09-13 13:37:15','facilities'),(335,5,47,NULL,NULL,NULL,'2011-09-13 13:37:15','2011-09-13 13:37:15','facilities'),(336,5,48,NULL,NULL,NULL,'2011-09-13 13:37:15','2011-09-13 13:37:15','facilities'),(337,5,49,NULL,NULL,NULL,'2011-09-13 13:37:15','2011-09-13 13:37:15','facilities'),(338,5,50,NULL,NULL,NULL,'2011-09-13 13:37:15','2011-09-13 13:37:15','facilities'),(339,5,51,NULL,NULL,NULL,'2011-09-13 13:37:15','2011-09-13 13:37:15','facilities'),(340,5,52,NULL,NULL,NULL,'2011-09-13 13:37:15','2011-09-13 13:37:15','programs'),(341,5,53,NULL,NULL,NULL,'2011-09-13 13:37:15','2011-09-13 13:37:15','programs'),(342,5,54,NULL,NULL,NULL,'2011-09-13 13:37:15','2011-09-13 13:37:15','programs'),(343,5,55,NULL,NULL,NULL,'2011-09-13 13:37:15','2011-09-13 13:37:15','programs'),(344,5,56,NULL,NULL,1,'2011-09-13 13:37:15','2011-09-13 13:37:15','grantmaking'),(345,5,57,NULL,NULL,1,'2011-09-13 13:37:15','2011-09-13 13:37:15','grantmaking'),(346,5,58,NULL,NULL,1,'2011-09-13 13:37:15','2011-09-13 13:37:15','grantmaking'),(347,5,59,NULL,NULL,1,'2011-09-13 13:37:15','2011-09-13 13:37:15','grantmaking'),(348,5,60,NULL,NULL,1,'2011-09-13 13:37:15','2011-09-13 13:37:15','grantmaking'),(349,5,61,NULL,NULL,1,'2011-09-13 13:37:15','2011-09-13 13:37:15','grantmaking'),(350,5,62,NULL,NULL,1,'2011-09-13 13:37:15','2011-09-13 13:37:15','grantmaking'),(351,5,63,NULL,NULL,NULL,'2011-09-13 13:37:15','2011-09-13 13:37:15','exhibits'),(352,5,64,NULL,NULL,NULL,'2011-09-13 13:37:15','2011-09-13 13:37:15','exhibits'),(353,5,65,NULL,NULL,NULL,'2011-09-13 13:37:15','2011-09-13 13:37:15','exhibits'),(354,5,66,NULL,NULL,NULL,'2011-09-13 13:37:15','2011-09-13 13:37:15','exhibits'),(355,5,67,NULL,NULL,NULL,'2011-09-13 13:37:15','2011-09-13 13:37:15','exhibits'),(356,5,68,NULL,NULL,NULL,'2011-09-13 13:37:15','2011-09-13 13:37:15','exhibits'),(357,5,69,NULL,NULL,NULL,'2011-09-13 13:37:15','2011-09-13 13:37:15','exhibits'),(358,5,70,NULL,NULL,NULL,'2011-09-13 13:37:15','2011-09-13 13:37:15','exhibits'),(359,5,71,NULL,NULL,NULL,'2011-09-13 13:37:15','2011-09-13 13:37:15','exhibits'),(360,5,72,NULL,NULL,NULL,'2011-09-13 13:37:15','2011-09-13 13:37:15','exhibits');
/*!40000 ALTER TABLE `answers` ENABLE KEYS */;
UNLOCK TABLES;

--
-- Table structure for table `articles`
--

DROP TABLE IF EXISTS `articles`;
/*!40101 SET @saved_cs_client     = @@character_set_client */;
/*!40101 SET character_set_client = utf8 */;
CREATE TABLE `articles` (
  `id` int(11) NOT NULL AUTO_INCREMENT,
  `title` varchar(255) COLLATE utf8_unicode_ci DEFAULT NULL,
  `link` varchar(255) COLLATE utf8_unicode_ci DEFAULT NULL,
  `document` varchar(255) COLLATE utf8_unicode_ci DEFAULT NULL,
  `body` text COLLATE utf8_unicode_ci,
  `published_on` date DEFAULT NULL,
  `user_id` int(11) DEFAULT NULL,
  `organization_id` int(11) DEFAULT NULL,
  `created_at` datetime DEFAULT NULL,
  `updated_at` datetime DEFAULT NULL,
  `description` varchar(255) COLLATE utf8_unicode_ci DEFAULT NULL,
  `visibility` varchar(255) COLLATE utf8_unicode_ci DEFAULT 'private',
  `critical_function` varchar(255) COLLATE utf8_unicode_ci DEFAULT NULL,
  `on_critical_list` tinyint(1) DEFAULT '0',
  `todo_id` int(11) DEFAULT NULL,
  `featured` tinyint(1) DEFAULT '0',
  `disabled` tinyint(1) DEFAULT '0',
  `buddy_list` varchar(255) COLLATE utf8_unicode_ci DEFAULT NULL,
  PRIMARY KEY (`id`),
  KEY `index_articles_on_organization_id` (`organization_id`),
  KEY `index_articles_on_user_id` (`user_id`)
) ENGINE=InnoDB AUTO_INCREMENT=71 DEFAULT CHARSET=utf8 COLLATE=utf8_unicode_ci;
/*!40101 SET character_set_client = @saved_cs_client */;

--
-- Dumping data for table `articles`
--

LOCK TABLES `articles` WRITE;
/*!40000 ALTER TABLE `articles` DISABLE KEYS */;
INSERT INTO `articles` VALUES (1,'Removing Spyware, Viruses and Other Forms of Malware','http://www.techsoup.org/learningcenter/software/page4769.cfm',NULL,'From TechSoup (2009), a post about getting rid of invaders on your Windows computer.',NULL,3,1,'2011-08-22 13:17:00','2011-08-31 19:17:20','Featured Introduction ArtsReady','public','technology',0,NULL,0,0,NULL),(2,'Craft Artist Insurance Advice','http://www.arts-insurance.info/guides/craft-artists/pages/introduction',NULL,'From Emily Watts and Fractured Atlas (2011) this article offers advice for craft artists in need of insurance.',NULL,3,1,'2011-08-22 13:17:02','2011-09-02 17:47:53','Advice for craft artists in needof insurance.','public','finance',0,NULL,0,0,NULL),(3,'TEST: SFB Phone List','','Current_listxphn.xls','',NULL,11,7,'2011-08-24 05:00:20','2011-08-25 20:08:49','Phone List','shared','people',1,NULL,0,0,'9'),(4,'upload test','','50_things_to_do_in_the_Theater_District_-_Theater_-_Time_Out_New_York.pdf','',NULL,4,2,'2011-08-24 18:44:19','2011-08-24 18:47:58','upload','private','performances',0,NULL,0,0,NULL),(5,'Field Guide: Shopping List','','HP.FieldGuideShoppingList.pdf','From the Heritage Preservation \"The Field Guide to Emergency Response\" (2006) provides basic tools for collecting and exhibiting agencies\' preparedness needs.',NULL,3,1,'2011-08-24 18:48:02','2011-08-24 19:29:52','From \"The Field Guide to Emergency Response.\" A checklist for purchasing disaster preparedness supplies','public','exhibits',0,NULL,0,0,NULL),(6,'Test','','Screen_shot_2011-08-03_at_9.00.10_PM.png','',NULL,5,2,'2011-08-24 18:51:59','2011-08-24 18:52:11','test','private','people',1,NULL,0,0,NULL),(7,'Field Guide: Guide Tabs','','HP.FieldGuideTabs.pdf','From the Heritage Preservation \"The Field Guide to Emergency Response\" (2006) which provides basic tools for collecting and exhibiting agencies\' preparedness needs. heritagepreservation.org',NULL,3,1,'2011-08-24 19:08:47','2011-08-24 19:46:21',' From the \"Field Guide to Emergency Response.\" A quick and easy list for necessary contacts related to art objects plus a short list of materials and priortized inventory.','public','exhibits',0,NULL,0,0,NULL),(8,'Field Guide: Assessment','','HP.FuildGuideAssessForm.pdf','From the Heritage Preservation \"The Field Guide to Emergency Response\" (2006) which provides basic tools for collecting and exhibiting agencies\' preparedness needs. heritagepreservation.org',NULL,3,1,'2011-08-24 19:33:07','2011-08-24 19:47:42','From \"The Field Guide to Emergency to Emergency Response.\" A basic assessment for exhibiting agencies.','public','exhibits',0,NULL,0,0,NULL),(9,'Risk Prioritization Worksheet','','REPP_Risk_Prioritization_Worksheet.pdf','From the Heritage Preservation \"Risk Evaluation and Planning Program\" (2011) provides basic tools for collecting and exhibiting agencies\' preparedness needs. heritagepreservation.org',NULL,3,1,'2011-08-24 19:42:33','2011-08-24 19:45:19','From the \"Risk Evaluation and Planning Program.\" A basic worksheet for collecting and exhibiting agencies to assess risk.','public','exhibits',0,NULL,0,0,NULL),(10,'Walk Through Checklist ','','REPP_Site_Questionnaire.pdf','From the Heritage Preservation \"Risk Evaluation and Planning Program\" (2011) which provides basic tools for collecting and exhibiting agencies\' preparedness needs. heritagepreservation.org',NULL,3,1,'2011-08-24 19:53:05','2011-08-24 19:53:05','From \"Risk Evaluation and Planning Program.\" A checklist for grounds evaluation.','public','facilities',0,NULL,0,0,NULL),(11,'Suggested EPlan Contents','','REPP_Sugg_EPlan_Contents.pdf','From the Heritage Preservation \"Risk Evaluation and Planning Program\" (2011) which provides basic tools for collecting and exhibiting agencies\' preparedness needs. heritagepreservation.org',NULL,3,1,'2011-08-24 19:56:51','2011-08-24 19:56:51','From \"Risk Evaluation and Planning Program.\" Guidance for creating an emergency plan for collections.','public','exhibits',0,NULL,0,0,NULL),(12,'Site Questionnaire','','REPP_Site_Questionnaire.pdf','From the Heritage Preservation \"Risk Evaluation and Planning Program\" (2011) which provides basic tools for collecting and exhibiting agencies\' preparedness needs. heritagepreservation.org',NULL,3,1,'2011-08-24 20:00:36','2011-08-24 20:00:36','From the \"Risk Evaluation and Planning Program.\" A comprehensive questionnaire for assessing a site\'s risk.','public','facilities',0,NULL,0,0,NULL),(13,'Forum Planning Handbook','http://www.heritagepreservation.org/AfR/ForumPlanningToolKit.html','Alliance-for-Response-Forum-Handbook_2010.pdf','From Heritage Preservation (2011)',NULL,3,1,'2011-08-24 20:25:36','2011-08-24 20:25:36','A guide for connecting emergency response personnel with your facility.','public','facilities',0,NULL,0,0,NULL),(14,'Emergency Evacuation Procedures','','UINDY_Emergency_Evacuation_Procedures.docx','An example of evacuation procedures from the University of Indianapolis Theatre Department. Provided by Jodi Bush and James Ream (2011).',NULL,3,1,'2011-08-24 20:28:32','2011-08-24 20:28:32','An example of evacuation procedures','private','facilities',0,NULL,0,0,NULL),(15,'Evaluating and Repairing your Roof','http://www.disastersafety.org/blog/post?execution=e3s1&blogPostId=2351',NULL,'The second in a four-part series of property protection projects designed by engineers at the Insurance Institute for Business & Home Safety (IBHS) as part of Building Safety Week (2010).',NULL,3,1,'2011-08-24 20:32:11','2011-08-24 20:32:11','An article from a disaster safety blog about roof damage and repair','public','facilities',0,NULL,0,0,NULL),(16,'Open for Business Recovery Location','','OpenForBusiness_Recovery_Location.doc','From the Insurance Institute for Business and Home Safety (2007). A one pager designed to inform building management of a proxy location for your organization in the event of access loss.',NULL,3,1,'2011-08-24 20:35:27','2011-08-24 20:35:27','A one pager designed to inform building management of a proxy location for your organization in the event of access loss.','public','exhibits',0,NULL,0,0,NULL),(17,'CO-STEP Framework','','COSTEP_Framework_2010.pdf','Provided by Lori Foley of the Northeast Document Conservation Center (2010) and the Institute of Museum and Library Services. \r\nThe Massachusetts guide for coordinated statewide emergency response in relation to document archives and preservationists.\r\n',NULL,3,1,'2011-08-24 20:39:26','2011-09-02 17:26:50','The Massachusetts guide for coordinated statewide emergency response in relation to document archives and preservationists.','public','exhibits',0,NULL,0,0,NULL),(18,'Hurr evac plan','',NULL,'',NULL,13,9,'2011-08-30 15:01:19','2011-08-30 15:02:12','All details of how to function pre and post flood, wind damage','buddies','people',1,NULL,0,0,'8'),(19,'Test document','','screenshot_2.doc','Test document- crit stuff only',NULL,25,10,'2011-08-30 16:30:44','2011-08-30 16:30:44','Test document','private','technology',1,21,0,0,NULL),(20,'Open for Business Critical Phone Numbers','','OpenforBusiness_Critical_Phone_Numbers.doc','From the Insurance Institute for Business and Home Safety (2007) (<a href=http://www.disastersafety.org/business_protection>www.disastersafety.org/business_protection</a>), a ready-made list to organize critical phone numbers.',NULL,3,1,'2011-08-31 14:39:19','2011-08-31 14:39:19','A ready made list for critical phone numbers','public','ticketing',0,NULL,0,0,NULL),(21,'Sample Press Conference Invitation','','Barnum_Press_Conference_Feb__25_Invite.doc','An example of a press conference invitation courtesy of Kathy Maher at the Barnum Museum',NULL,3,1,'2011-08-31 14:42:29','2011-08-31 14:42:29','Example of a press conference invitation','public','ticketing',0,NULL,0,0,NULL),(22,'Example Refund Policy','http://gershwintheatre.com/patron_services.php#REFUND%20POLICIES',NULL,'The refund policay for ticketing at the Gershwin Theatre, courtesy of the venue (2011).',NULL,3,1,'2011-08-31 14:44:36','2011-08-31 14:44:36','Gershwin Theatre\'s Refund Policy as an example','public','ticketing',0,NULL,0,0,NULL),(23,'Unified Communications Strategy','http://www.techsoup.org/learningcenter/networks/page11697.cfm',NULL,'A post from Tech Soup (2009) providing guidance for creating a communication strategy especially focusing on technological media.',NULL,3,1,'2011-08-31 14:49:09','2011-08-31 14:49:09','A guide to creating a communication strategy','public','ticketing',0,NULL,0,0,NULL),(24,'Open for Business Critical Hardware and Software','','OpenforBusiness_Critical_Hardware_Software.doc','From the Insurance Institute for Business and Home Safety (2007), this form provides guidance for documenting critical hardware and software at your organization.',NULL,3,1,'2011-08-31 15:08:36','2011-08-31 15:08:36','A form to guide you through documenting critical technology.','public','technology',0,NULL,0,0,NULL),(25,'Open for Business Vital Records','','OpenforBusiness_Vital_Records.doc','From the Insurance Institute for Business and Home Safety (2007), this form will guide you through maintaining the backup of your vital digital records and files.',NULL,3,1,'2011-08-31 15:17:45','2011-08-31 15:17:45','A form to guide you through backing up critical digital files.','public','technology',0,NULL,0,0,NULL),(26,'Outlook Add-in Personal Folders Back up','http://www.techsoup.org/learningcenter/downloads/techstructure/page8259.cfm',NULL,'Provided by TechSoup in 2008, this link leads you to a Microspft add-in that will back up your full outlook set up including messages, contacts, and calendar. ',NULL,3,1,'2011-08-31 16:06:53','2011-08-31 16:06:53','An add-in for outlook users to backup thier personal email folders','public','technology',0,NULL,0,0,NULL),(27,'Free Back up Software - Back up PC','http://www.techsoup.org/learningcenter/downloads/techstructure/page8357.cfm',NULL,'From TechSoup (2008), this link leads you to free software called BackUp PC that will backup your Windows computers.',NULL,3,1,'2011-08-31 16:10:26','2011-08-31 16:10:26','Free software to back up your computer.','public','technology',0,NULL,0,0,NULL),(28,'Selecting and Confirguring a Firewall','http://www.techsoup.org/learningcenter/networks/page11176.cfm',NULL,'A post from TechSoup (2009) guiding organizations through selecting firewall protection.',NULL,3,1,'2011-08-31 16:21:28','2011-08-31 16:21:28','Guidance for firewalls','public','technology',0,NULL,0,0,NULL),(29,'Anti-Syware Toolkit','http://www.techsoup.org/toolkits/antispyware/page7080.cfm',NULL,'A post from TechSoup (2011) discussing ways to protect against spyware infestation.',NULL,3,1,'2011-08-31 16:24:34','2011-08-31 16:24:34','Information about avoiding spyware','public','technology',0,NULL,0,0,NULL),(30,'Spam Prevention Toolkit','http://www.techsoup.org/toolkits/spam/index.cfm',NULL,'From TechSoup (2011), this article offers advice for preventing annoying and potentially dangerous spam at your organization.',NULL,3,1,'2011-08-31 16:27:16','2011-08-31 16:27:16','Guidance for preventing spam','public','technology',0,NULL,0,0,NULL),(31,'Virus Protection Toolkit','http://www.techsoup.org/toolkits/antivirus/index.cfm',NULL,'Geared toward PCs, this article from TechSoup (2011) offers ways to find the best virus protection.',NULL,3,1,'2011-08-31 16:33:48','2011-08-31 16:33:48','Ways to protect computers from viruses','public','technology',0,NULL,0,0,NULL),(32,'Back up Software Comparison - SARAI','','Backup_Software_Compared_-_SARAI.doc','From the TechSoup site, this SARAI document provides a quick comparison of various backup softwares. ',NULL,3,1,'2011-08-31 16:38:42','2011-08-31 16:38:42','Back up software comparison sheet','public','technology',0,NULL,0,0,NULL),(33,'Remote Back up for Your Organization','http://www.techsoup.org/learningcenter/internet/page5813.cfm',NULL,'From TechSoup (2010) this article offers guidance for selecting and setting up remote backups for your servers.',NULL,3,1,'2011-08-31 16:42:25','2011-08-31 16:42:25','An article about remote backup for servers.','public','technology',0,NULL,0,0,NULL),(34,'Back up Your Data','http://www.techsoup.org/learningcenter/software/page6089.cfm',NULL,'From TechSoup (2007) this article discusses best practices and methods for backing up data at your organization.',NULL,3,1,'2011-08-31 16:44:52','2011-08-31 16:44:52','Best preactices for data backup','public','technology',0,NULL,0,0,NULL),(35,'Disaster Planning: What Organizations Need to Know to Protect their Tech','https://cc.readytalk.com/cc/playback/Playback.do?id=aguyh6','TechSoup_Talks_Presentation_Disaster_Planning.ppt','This link leads to a 2009 presentation from techSoup about disaster planning. It goes through basic readiness steps with a focus on technology. Starting on slide 21 there is advice on what to document, where to store it and how to back it up securely. Please refer to the attached PowerPoint file when you watch.',NULL,3,1,'2011-08-31 19:00:46','2011-08-31 19:09:25','A basic webinar on readiness and planning with a focus on technology.','public','technology',0,NULL,0,0,NULL),(36,'Disaster Planning: Back it up, Back it Up','https://cc.readytalk.com/cc/playback/Playback.do?id=gmie45','TechSoup_Presentation_Disaster_Planning-Backup.ppt','This presentation from TechSoup (2009) discusses the importance of digital redundancy and goes through some methods for protection. Includes descriptions of different back up software solutions and providers. Please refer to the PowerPoint when watching the recording.',NULL,3,1,'2011-08-31 19:06:57','2011-08-31 19:06:57','A presentation about basic technological readiness.','public','technology',0,NULL,0,0,NULL),(37,'Privacy & Data Loss  Incident Readiness Planning Guide ','https://www.otalliance.org/resources/Incident.html','OTA_Data_Breach_Readiness_Guide.pdf','From the Online Trust Alliance (2010), a guide to handling a privacy or data breach at your organization.',NULL,3,1,'2011-08-31 19:21:29','2011-08-31 19:59:54','Guide for dealing with privacy breaches and data loss.','public','technology',0,NULL,0,0,NULL),(38,'Example of Data Breach Procedures','','Data_Breach_Procedures_FTC.doc','Data breach procedures from the Federal Trade Commission (2011), a good example for creating your own!',NULL,3,1,'2011-08-31 19:51:10','2011-08-31 19:51:10','data, breach, communication','public','technology',0,NULL,0,0,NULL),(39,'A Guide for Disaster Planning and Recovery','','techsoup-disaster-recovery-guide.pdf','The 2009 document _The Resilient Organization: A Guide for Disaster Planning and Recovery_ from TechSoup. A comprehensive guide to technical and digital backup, readiness, and planning.',NULL,3,1,'2011-08-31 20:10:53','2011-08-31 20:10:53','A comprehensive guide to technical and digital backup, readiness, and planning.','public','technology',0,NULL,0,0,NULL),(40,'Museum recovery: 24/7 Collections Emergency Response Team','http://www.conservation-us.org/index.cfm?fuseaction=Page.viewPage&pageId=593&parentID=472',NULL,'The American Institute for Conservation (2011) provides guidance, training and access to emergency conservation responders for collecting agencies in crisis. <a href=http://www.conservation-us.org>www.conservation-us.org</a>',NULL,3,1,'2011-08-31 20:17:58','2011-08-31 20:20:11','Emergency conservation access','public','exhibits',0,NULL,0,0,NULL),(41,'Recovery for Paper-based Collections','http://www.nedcc.org',NULL,'The Northeast Document Conservation Center (2011) specializes in restoration or conservation for paper objects.\r\n',NULL,3,1,'2011-08-31 20:22:51','2011-08-31 20:22:51','Conservators specializing in paper','public','exhibits',0,NULL,0,0,NULL),(42,'Midwest Art Conservation Center: Field Services Department','http://www.preserveart.org/',NULL,'The Midwest Art Conservation Center is a non-profit regional center for the preservation and conservation of art and artifacts providing treatment, education, and training for museums, historical societies, libraries, other cultural institutions as well as public and private clients. They can be available 24 hours a day to assist in emergency response and recovery. Contact 612-870-3128 or umca@qwest.net. ',NULL,3,1,'2011-08-31 20:26:37','2011-08-31 20:26:37','Conservation and recovery assistance, 24 hours a day.','public','exhibits',0,NULL,0,0,NULL),(43,'Studio Protector','http://www.studioprotector.org/',NULL,'Developed by visual artists, for visual artists the Studio Protector is a smart comprehensive guide for protecting a studio pratice. By CERF+ (2011).',NULL,3,1,'2011-08-31 20:31:32','2011-08-31 20:31:32','A guide for protecting a visual arts studio and practice.','public','programs',0,NULL,0,0,NULL),(44,'Critical Supplies List','','OpenforBusiness_Critical_Supplies.doc','The Insurance Institute for Business and Home Safety (2007, <a href=http://www.disastersafety.org/business_protection>www.disastersafety.org</a>) developed this list to act as a purchasing guide for essential supplies related to programming.\r\n',NULL,3,1,'2011-08-31 20:35:39','2011-08-31 20:35:39','A sheet to develop a critical supply list','public','programs',0,NULL,0,0,NULL),(45,'Critical Equipment and Vehicles','','OpenforBusiness_Critical_Equipment_Vehicles.doc','The Insurance Institute for Business and Home Safety (2007) provided this form to help you identify key equipment, vehicles, or machinery for programming.',NULL,3,1,'2011-08-31 20:38:58','2011-08-31 20:38:58','A form to help you identify key equipment, vehicles, or machinery','public','programs',0,NULL,0,0,NULL),(46,'ArtTech Review','','2010-11_ARTech_Residency_in_Review.pdf','',NULL,12,8,'2011-09-01 15:09:16','2011-09-01 15:09:16','The 2010-11 ArtTech Papers','public','programs',1,NULL,0,0,NULL),(47,'Film Company and Filmmaker Insurance Advice','http://www.arts-insurance.info/guides/film/pages/introduction',NULL,'From Emily Watts and Fractured Atlas (2011) this article offers advice for filmmakers and film companies about insurance.',NULL,3,1,'2011-09-02 17:50:42','2011-09-02 17:50:42','Advice for filmmakers and film companies about insurance.','private','finance',0,NULL,0,0,NULL),(48,'Musical Ensembles Insurance Advice','http://www.arts-insurance.info/guides/music/pages/introduction',NULL,'From Emily Watts and Fractured Atlas (2011) this article offers advice for music ensembles in need of insurance.',NULL,3,1,'2011-09-02 17:54:04','2011-09-02 17:54:04','Advice for music ensembles in need of insurance.','public','finance',0,NULL,0,0,NULL),(49,'Theatre Company Insurance Advice','http://www.arts-insurance.info/guides/theatre/pages/introduction',NULL,'From Emily Watts and Fractured Atlas (2011) this article offers advice for theatre companies in need of insurance.',NULL,3,1,'2011-09-02 17:55:23','2011-09-02 17:55:23','Advice for theatre companies in need of insurance.','public','finance',0,NULL,0,0,NULL),(50,'Dance Company Insurance Advice','http://www.arts-insurance.info/guides/dance/pages/introduction',NULL,'From Emily Watts and Fractured Atlas (2011) this article offers advice for dance companies in need of insurance.',NULL,3,1,'2011-09-02 17:56:56','2011-09-02 17:56:56','Advice for dance companies in need of insurance.','public','finance',0,NULL,0,0,NULL),(51,'Operating Reserve Policy Toolkit','','Operating_Reserves_Policy_Toolkit_1st_Ed_2010-09-16.pdf','From the Nonprofit Reserves Workgroup (2010), a guide for organizations to creating a reserve or contingency fund for operations.\r\n',NULL,3,1,'2011-09-02 17:59:44','2011-09-02 19:28:16','A guide for organizations to creating a reserve or contingency fund for operations.','public','finance',0,NULL,1,0,NULL),(52,'Public Art Insurance Advice','http://www.arts-insurance.info/guides/public-art/pages/introduction',NULL,'From Emily Watts and Fractured Atlas (2011) this article offers advice for public art projects and artists in need of insurance.',NULL,3,1,'2011-09-02 18:01:28','2011-09-02 18:01:28','Advice for public art projects and artists in need of insurance.','public','finance',0,NULL,0,0,NULL),(53,'Visual Artist Insurance Advice','http://www.arts-insurance.info/guides/visual-art/pages/introduction',NULL,'From Emily Watts and Fractured Atlas (2011) this article offers advice for visual artists in need of insurance.',NULL,3,1,'2011-09-02 18:02:48','2011-09-02 18:02:48','Advice for visual artists in need of insurance.','public','finance',0,NULL,0,0,NULL),(54,'Insurance for Arts Organizations','http://www.fracturedatlas.org/site/insurance/',NULL,'From Emily Watts and Fractured Atlas (2011) this article offers advice for general arts orgnaizations in need of insurance.',NULL,3,1,'2011-09-02 18:04:49','2011-09-02 18:06:52','Advice for arts orgnaizations in need of insurance.','public','finance',0,NULL,1,0,NULL),(55,'Teaching Artist Insurance','http://www.arts-insurance.info/guides/teaching-artists/pages/introduction',NULL,'From Emily Watts and Fractured Atlas (2011) this article offers advice for teaching artists in need of insurance.',NULL,3,1,'2011-09-02 18:06:04','2011-09-02 18:06:04','Advice for teaching artists in need of insurance.','public','finance',0,NULL,0,0,NULL),(56,'Open for Business Financial Controls','','Open_for_Business_financialcontrols.pdf','Part of the \"Fast Track\" series from the Insurance Institute for Business and Home Safety (2010), this is a guide to establishing financial controls and resiliancy in your organization.\r\n',NULL,3,1,'2011-09-02 18:09:46','2011-09-02 18:09:46','A guide to financial controls and resiliancy.','public','facilities',0,NULL,0,0,NULL),(57,'Presenter/Artist Contract with Contingency Clause','','Presenter_Artist_contract_w_Contingency_Matchbook.doc','An example of a contract for presenters and/or artists with a contingency clause. Courtesy of DORANETTI MUSIC INC (2003)\r\n',NULL,3,1,'2011-09-02 18:25:07','2011-09-02 18:25:07','Sample contract for presenters and/or artists ','public','productions',0,NULL,0,0,NULL),(58,'board contacts','','Board_Member_Contact_Sheet_9.6.11.xls','',NULL,13,9,'2011-09-12 17:39:24','2011-09-12 17:42:00','board email/phones','executive','people',0,NULL,0,0,'6'),(59,'org chart','','Arts_Ready_ORG_CHART.docx','',NULL,13,9,'2011-09-12 17:48:46','2011-09-12 17:48:46','organizational structure','private','people',0,13,0,0,NULL),(60,'stakeholders','',NULL,'',NULL,13,9,'2011-09-12 17:50:55','2011-09-12 17:50:55','email/phones','buddies','people',1,14,0,0,NULL),(61,'Phone Tree','','Emergency_Phone_Tree.doc','',NULL,17,8,'2011-09-12 18:07:34','2011-09-12 18:07:34','contact info for staff','private','people',1,NULL,0,0,NULL),(62,'Costume/Props Checklist','','costume_props_checkoff_list_UINDY.pdf','Courtesy of Jodi Bush and James Ream at the University of Indianapolis Theatre Department (2010) this checklist helps organize essential components for a production.\r\n<a href=http://theatre.uindy.edu/handbook/safetybody.htm>See thier whole handbook for Theatre readiness</a>.',NULL,3,1,'2011-09-13 15:38:02','2011-09-13 15:38:02','A checklist example for production props and costumes','public','productions',0,NULL,0,0,NULL),(63,'Our Phone tree','','Cell_Phone_List_9.10.doc','Updated by Katy on 9/13. Has our new lighting director included',NULL,31,12,'2011-09-13 16:41:33','2011-09-13 16:41:33','phone tree for the dance troupe','private','people',1,NULL,0,0,NULL),(64,'Crew Contract','','crew_contract_UINDY.pdf','Articulates the obligations and responsibilities of a backstage crew member including readiness to report to work, and participation on the production team. Could be used to clearly communicate to a new/replacement crew member what is expected.',NULL,2,1,'2011-09-14 01:10:57','2011-09-14 01:10:57','Contract for responsibilities of backstage crew','public','people',0,NULL,0,0,NULL),(65,'Crew Contract','','crew_contract_UINDY.pdf','Articulates the obligations and responsibilities of a backstage crew member including readiness to report to work, and participation on the production team. Could be used to clearly communicate to a new/replacement crew member what is expected.\r\n\r\nProvided courtesy of the University of Indianapolis Theatre Dept., Jodi Bush, James Ream',NULL,2,1,'2011-09-14 01:11:01','2011-09-14 01:13:21','Contract for responsibilities of backstage crew','public','people',0,NULL,0,0,NULL),(66,'Production Budget Report','',NULL,'This is a table-format form to report and account for individual production-related expenses, ostensibly by a stage manager or production manager. It compares the total [production] budget amount to the amount represented on this report, to the amount expended to date, providing context for the reported expenses.\r\n\r\nProvided courtesy of the University of Indianapolis Theatre Dept., Jodi Bush, James Ream',NULL,2,1,'2011-09-14 01:23:19','2011-09-14 01:23:19','Production Budget Report from to document/submit production-related expenses','public','productions',0,NULL,0,0,NULL),(67,'Stage Manager Checklist','','stage_manager_checklist_example_UINDY.pdf','This example of a particular production checklist can be adapted for any stage production. Starting at two hours prior to production, this checks off every set and technical component to be checked/placed/tested prior to, during and after the performance. Could be used by a replacement stage manager to ensure smooth running of a production.\r\n\r\nCourtesy of the University of Indianapolis Theatre Dept., Jodi Bush, James Ream',NULL,2,1,'2011-09-14 01:31:36','2011-09-14 01:31:36','Sample Checklist pre- to post-show for set/props/lights/sound','public','productions',0,NULL,0,0,NULL),(68,'Sound Cue Sheets','','sound_cue_sheets_UINDY.pdf','This is a template form that is blank and can be used to denote all sound cues, including assignments and timing, for any in-house or touring/rental production. Completed and stored in an accessible manner, it can be a great backup for an incoming stage manager, sound/tech director or crew member in the absence of another.\r\n\r\nProvided courtesy of the University of Indianapolis Theatre Dept., Jodi Bush, James Ream',NULL,2,1,'2011-09-14 01:37:27','2011-09-14 01:37:27','Template Form to use in identifying, assinging and timing sound cues for in-house or guest productions','public','productions',0,NULL,0,0,NULL),(69,'School Group Cancellation and Rescheduling Policy','','School_Group_Cancelation_and_Refund_Policies_-_Kennedy_Center.pdf','This order form for educators to order tickets to performances for school groups, or make reservations for professional development activities for teachers, has explicit information about how cancellation/rescheduling requests will be handled, and how performance schedules and reservations will be handled in event of inclement weather.\r\n\r\nProvided courtesy of the John F. Kennedy Center for the Performing Arts.',NULL,2,1,'2011-09-14 01:50:11','2011-09-14 01:50:11','Order form for school groups/teacher professional development that includes cancellation/rescheduling policies','public','productions',0,NULL,0,0,NULL),(70,'Performance Cancellation Policy','','Performance_Cancellation_Policy_SAL.docx','This policy for ticketholders specifically addresses how issues of inclement weather, performance cancellations, performance rescheduling, and alternate artists will be handled including when ticket refunds are offered and when they are not.\r\n\r\nProvided courtesy of Original Source: Sunday Afternoon Live  \r\nhttp://sundayafternoonlive.org/blog/performance-cancellation-policy/\r\n',NULL,2,1,'2011-09-14 01:58:19','2011-09-14 01:58:19','Sample of a policy in a weather-prone area to handle potential performance cancellations, rescheduling, ticket refunds','public','ticketing',0,NULL,0,0,NULL);
/*!40000 ALTER TABLE `articles` ENABLE KEYS */;
UNLOCK TABLES;

--
-- Table structure for table `assessments`
--

DROP TABLE IF EXISTS `assessments`;
/*!40101 SET @saved_cs_client     = @@character_set_client */;
/*!40101 SET character_set_client = utf8 */;
CREATE TABLE `assessments` (
  `id` int(11) NOT NULL AUTO_INCREMENT,
  `organization_id` int(11) DEFAULT NULL,
  `has_performances` tinyint(1) DEFAULT NULL,
  `has_tickets` tinyint(1) DEFAULT NULL,
  `has_facilities` tinyint(1) DEFAULT NULL,
  `has_programs` tinyint(1) DEFAULT NULL,
  `has_grants` tinyint(1) DEFAULT NULL,
  `has_exhibits` tinyint(1) DEFAULT NULL,
  `created_at` datetime DEFAULT NULL,
  `updated_at` datetime DEFAULT NULL,
  `complete` tinyint(1) DEFAULT '0',
  `answers_count` int(11) DEFAULT '0',
  `completed_answers_count` int(11) DEFAULT '0',
  PRIMARY KEY (`id`),
  KEY `index_assessments_on_organization_id` (`organization_id`)
) ENGINE=InnoDB AUTO_INCREMENT=6 DEFAULT CHARSET=utf8 COLLATE=utf8_unicode_ci;
/*!40101 SET character_set_client = @saved_cs_client */;

--
-- Dumping data for table `assessments`
--

LOCK TABLES `assessments` WRITE;
/*!40000 ALTER TABLE `assessments` DISABLE KEYS */;
INSERT INTO `assessments` VALUES (1,8,1,1,1,1,0,1,'2011-08-24 14:02:25','2011-08-24 14:02:25',0,72,48),(2,9,1,1,1,1,1,1,'2011-08-24 16:17:42','2011-08-24 16:17:42',0,72,2),(3,1,1,1,1,1,1,1,'2011-08-25 02:28:51','2011-08-25 02:28:51',0,72,44),(4,10,1,1,1,1,1,1,'2011-08-25 13:32:35','2011-08-25 13:32:35',0,72,1),(5,6,1,1,1,1,1,1,'2011-09-13 13:37:15','2011-09-13 13:37:15',0,72,1);
/*!40000 ALTER TABLE `assessments` ENABLE KEYS */;
UNLOCK TABLES;

--
-- Table structure for table `battle_buddy_requests`
--

DROP TABLE IF EXISTS `battle_buddy_requests`;
/*!40101 SET @saved_cs_client     = @@character_set_client */;
/*!40101 SET character_set_client = utf8 */;
CREATE TABLE `battle_buddy_requests` (
  `id` int(11) NOT NULL AUTO_INCREMENT,
  `organization_id` int(11) DEFAULT NULL,
  `battle_buddy_id` int(11) DEFAULT NULL,
  `accepted` tinyint(1) DEFAULT '0',
  `created_at` datetime DEFAULT NULL,
  `updated_at` datetime DEFAULT NULL,
  PRIMARY KEY (`id`)
) ENGINE=InnoDB AUTO_INCREMENT=35 DEFAULT CHARSET=utf8 COLLATE=utf8_unicode_ci;
/*!40101 SET character_set_client = @saved_cs_client */;

--
-- Dumping data for table `battle_buddy_requests`
--

LOCK TABLES `battle_buddy_requests` WRITE;
/*!40000 ALTER TABLE `battle_buddy_requests` DISABLE KEYS */;
INSERT INTO `battle_buddy_requests` VALUES (1,6,7,1,'2011-08-24 14:43:51','2011-08-25 16:30:49'),(2,1,8,1,'2011-08-24 18:38:24','2011-08-25 21:45:50'),(3,1,9,1,'2011-08-24 18:38:40','2011-08-24 19:37:14'),(4,1,7,1,'2011-08-24 18:39:14','2011-08-24 19:14:45'),(5,7,1,1,'2011-08-24 19:14:45','2011-08-24 19:14:45'),(6,7,9,1,'2011-08-24 19:15:02','2011-08-24 19:37:27'),(7,9,1,1,'2011-08-24 19:37:14','2011-08-24 19:37:14'),(8,9,7,1,'2011-08-24 19:37:27','2011-08-24 19:37:27'),(9,6,9,1,'2011-08-24 23:29:43','2011-08-25 14:07:42'),(10,1,6,1,'2011-08-25 02:26:48','2011-08-25 18:13:13'),(11,9,6,1,'2011-08-25 14:07:42','2011-08-25 14:07:42'),(12,9,6,1,'2011-08-25 14:08:12','2011-08-25 14:08:12'),(13,10,1,1,'2011-08-25 16:25:05','2011-08-25 17:38:18'),(14,7,6,1,'2011-08-25 16:30:49','2011-08-25 16:30:49'),(15,1,10,1,'2011-08-25 17:38:18','2011-08-25 17:38:18'),(16,6,1,1,'2011-08-25 18:13:13','2011-08-25 18:13:13'),(17,9,10,0,'2011-08-25 20:12:22','2011-08-25 20:12:22'),(18,1,2,0,'2011-08-25 20:32:41','2011-08-25 20:32:41'),(19,8,1,1,'2011-08-25 21:45:50','2011-08-25 21:45:50'),(20,8,10,0,'2011-08-25 21:46:12','2011-08-25 21:46:12'),(21,8,9,1,'2011-08-26 14:54:31','2011-08-26 16:26:50'),(22,9,8,1,'2011-08-26 16:26:50','2011-08-26 16:26:50'),(23,10,10,0,'2011-08-30 14:13:02','2011-08-30 14:13:02'),(24,6,10,0,'2011-08-30 14:13:04','2011-08-30 14:13:04'),(32,8,6,1,'2011-09-02 18:43:38','2011-09-02 18:44:04'),(33,6,8,1,'2011-09-02 18:44:04','2011-09-02 18:44:04'),(34,12,1,0,'2011-09-13 16:41:49','2011-09-13 16:41:49');
/*!40000 ALTER TABLE `battle_buddy_requests` ENABLE KEYS */;
UNLOCK TABLES;

--
-- Table structure for table `comments`
--

DROP TABLE IF EXISTS `comments`;
/*!40101 SET @saved_cs_client     = @@character_set_client */;
/*!40101 SET character_set_client = utf8 */;
CREATE TABLE `comments` (
  `id` int(11) NOT NULL AUTO_INCREMENT,
  `comment` text COLLATE utf8_unicode_ci,
  `user_id` int(11) DEFAULT NULL,
  `article_id` int(11) DEFAULT NULL,
  `disabled` tinyint(1) DEFAULT '0',
  `created_at` datetime DEFAULT NULL,
  `updated_at` datetime DEFAULT NULL,
  PRIMARY KEY (`id`),
  KEY `index_comments_on_article_id` (`article_id`),
  KEY `index_comments_on_user_id` (`user_id`)
) ENGINE=InnoDB AUTO_INCREMENT=2 DEFAULT CHARSET=utf8 COLLATE=utf8_unicode_ci;
/*!40101 SET character_set_client = @saved_cs_client */;

--
-- Dumping data for table `comments`
--

LOCK TABLES `comments` WRITE;
/*!40000 ALTER TABLE `comments` DISABLE KEYS */;
INSERT INTO `comments` VALUES (1,'This is a great list to help exhibiting agencies make a priority list for the artwork. It has needed contacts, a listing for priority evacuation, basic supplies--overall a great start!',3,7,0,'2011-08-24 19:10:08','2011-08-24 19:10:08');
/*!40000 ALTER TABLE `comments` ENABLE KEYS */;
UNLOCK TABLES;

--
-- Table structure for table `crises`
--

DROP TABLE IF EXISTS `crises`;
/*!40101 SET @saved_cs_client     = @@character_set_client */;
/*!40101 SET character_set_client = utf8 */;
CREATE TABLE `crises` (
  `id` int(11) NOT NULL AUTO_INCREMENT,
  `organization_id` int(11) DEFAULT NULL,
  `resolved_on` date DEFAULT NULL,
  `resolution` text COLLATE utf8_unicode_ci,
  `created_at` datetime DEFAULT NULL,
  `updated_at` datetime DEFAULT NULL,
  `visibility` varchar(255) COLLATE utf8_unicode_ci DEFAULT 'private',
  `user_id` int(11) DEFAULT NULL,
  `description` varchar(255) COLLATE utf8_unicode_ci DEFAULT NULL,
  `buddy_list` varchar(255) COLLATE utf8_unicode_ci DEFAULT NULL,
  PRIMARY KEY (`id`),
  KEY `index_crises_on_organization_id` (`organization_id`),
  KEY `index_crises_on_user_id` (`user_id`)
) ENGINE=InnoDB AUTO_INCREMENT=32 DEFAULT CHARSET=utf8 COLLATE=utf8_unicode_ci;
/*!40101 SET character_set_client = @saved_cs_client */;

--
-- Dumping data for table `crises`
--

LOCK TABLES `crises` WRITE;
/*!40000 ALTER TABLE `crises` DISABLE KEYS */;
INSERT INTO `crises` VALUES (1,7,'2011-08-25',NULL,'2011-08-25 16:47:38','2011-08-25 20:39:15','private',11,'We need some quick help neutralizing some bad press and our ED and PR Mangager are out of town.','9,6'),(2,10,'2011-08-25',NULL,'2011-08-25 20:22:45','2011-08-25 20:37:47','private',25,'This is a test of the emergency broadcast system. This is only a test!','1'),(7,10,NULL,NULL,'2011-08-30 13:46:19','2011-08-30 13:46:19','private',25,'This is test 2 of the emergency broadcasting system. This is only a test.','1'),(8,10,NULL,NULL,'2011-08-30 13:46:22','2011-08-30 13:46:22','private',25,'This is test 2 of the emergency broadcasting system. This is only a test.','1'),(10,1,'2011-08-30',NULL,'2011-08-30 14:07:16','2011-08-30 14:24:33','public',3,'',NULL),(15,2,'2011-08-30',NULL,'2011-08-30 14:50:43','2011-08-30 14:51:49','private',4,'Just me for a test',NULL),(16,2,'2011-08-30',NULL,'2011-08-30 14:53:00','2011-08-30 15:07:14','public',4,'please ignore',NULL),(23,9,'2011-08-30',NULL,'2011-08-30 15:18:04','2011-08-30 17:17:20','private',13,'Flooding at office.  Need help w texting all board members.  Uploaded \"Hurr Evac Plan\" which has all info.\r\n',NULL),(25,2,'2011-09-02',NULL,'2011-08-30 15:19:03','2011-09-02 02:25:37','buddies',4,'All buddies test',NULL),(26,1,NULL,NULL,'2011-08-30 15:28:03','2011-08-30 15:28:49','buddies',1,'test',NULL),(27,1,NULL,NULL,'2011-08-30 15:28:20','2011-08-30 15:28:20','private',1,'test',NULL),(28,10,NULL,NULL,'2011-09-02 13:39:41','2011-09-02 13:39:41','public',25,'Help! I need somebody. Not just anybody.(test)',NULL),(29,1,NULL,NULL,'2011-09-02 13:58:36','2011-09-02 13:58:36','public',3,'This is another test! Big  trouble in little China!',NULL),(30,6,'2011-09-02',NULL,'2011-09-02 18:25:22','2011-09-02 18:46:08','public',10,'TEST:  Our set for our upcoming production of SHAPESHIFTER has been vandalized and we open tomorrow.  \r\n\r\nWe need a set builder and scene painter as soon as possible.',NULL),(31,10,NULL,NULL,'2011-09-02 19:21:36','2011-09-02 19:21:36','private',25,'','1');
/*!40000 ALTER TABLE `crises` ENABLE KEYS */;
UNLOCK TABLES;

--
-- Table structure for table `messages`
--

DROP TABLE IF EXISTS `messages`;
/*!40101 SET @saved_cs_client     = @@character_set_client */;
/*!40101 SET character_set_client = utf8 */;
CREATE TABLE `messages` (
  `id` int(11) NOT NULL AUTO_INCREMENT,
  `user_id` int(11) DEFAULT NULL,
  `organization_id` int(11) DEFAULT NULL,
  `visibility` varchar(255) COLLATE utf8_unicode_ci DEFAULT NULL,
  `recipient_list` varchar(255) COLLATE utf8_unicode_ci DEFAULT NULL,
  `content` text COLLATE utf8_unicode_ci,
  `created_at` datetime DEFAULT NULL,
  `updated_at` datetime DEFAULT NULL,
  PRIMARY KEY (`id`)
) ENGINE=InnoDB DEFAULT CHARSET=utf8 COLLATE=utf8_unicode_ci;
/*!40101 SET character_set_client = @saved_cs_client */;

--
-- Dumping data for table `messages`
--

LOCK TABLES `messages` WRITE;
/*!40000 ALTER TABLE `messages` DISABLE KEYS */;
/*!40000 ALTER TABLE `messages` ENABLE KEYS */;
UNLOCK TABLES;

--
-- Table structure for table `needs`
--

DROP TABLE IF EXISTS `needs`;
/*!40101 SET @saved_cs_client     = @@character_set_client */;
/*!40101 SET character_set_client = utf8 */;
CREATE TABLE `needs` (
  `id` int(11) NOT NULL AUTO_INCREMENT,
  `organization_id` int(11) DEFAULT NULL,
  `crisis_id` int(11) DEFAULT NULL,
  `user_id` int(11) DEFAULT NULL,
  `resource` varchar(255) COLLATE utf8_unicode_ci DEFAULT NULL,
  `description` text COLLATE utf8_unicode_ci,
  `provided` tinyint(1) DEFAULT '0',
  `provider` varchar(255) COLLATE utf8_unicode_ci DEFAULT NULL,
  `last_updated_on` date DEFAULT NULL,
  `created_at` datetime DEFAULT NULL,
  `updated_at` datetime DEFAULT NULL,
  PRIMARY KEY (`id`),
  KEY `index_needs_on_crisis_id` (`crisis_id`),
  KEY `index_needs_on_organization_id` (`organization_id`),
  KEY `index_needs_on_user_id` (`user_id`)
) ENGINE=InnoDB AUTO_INCREMENT=6 DEFAULT CHARSET=utf8 COLLATE=utf8_unicode_ci;
/*!40101 SET character_set_client = @saved_cs_client */;

--
-- Dumping data for table `needs`
--

LOCK TABLES `needs` WRITE;
/*!40000 ALTER TABLE `needs` DISABLE KEYS */;
INSERT INTO `needs` VALUES (1,NULL,1,NULL,'TEST PR resource','TEST PR resource for brainstorming about next steps',1,NULL,NULL,'2011-08-25 16:49:51','2011-08-25 20:10:51'),(2,NULL,1,NULL,'TEST Media Contacts List','TEST Phone numbers and contacts for local media',0,NULL,NULL,'2011-08-25 16:53:28','2011-08-25 16:53:28'),(3,NULL,1,NULL,'TEST Media Contact Resource','TEST Need a people resource in communications to help distribute a press release',1,NULL,NULL,'2011-08-25 20:14:10','2011-08-25 20:37:13'),(4,NULL,2,NULL,'I need a trip to the beach','and stuff...',0,NULL,NULL,'2011-08-25 20:23:45','2011-08-25 20:23:45'),(5,NULL,10,NULL,'Just a friend to lean on','We all need someone to lean on.',0,NULL,NULL,'2011-08-30 14:10:45','2011-08-30 14:10:45');
/*!40000 ALTER TABLE `needs` ENABLE KEYS */;
UNLOCK TABLES;

--
-- Table structure for table `organizations`
--

DROP TABLE IF EXISTS `organizations`;
/*!40101 SET @saved_cs_client     = @@character_set_client */;
/*!40101 SET character_set_client = utf8 */;
CREATE TABLE `organizations` (
  `id` int(11) NOT NULL AUTO_INCREMENT,
  `name` varchar(255) COLLATE utf8_unicode_ci DEFAULT NULL,
  `address` varchar(255) COLLATE utf8_unicode_ci DEFAULT NULL,
  `city` varchar(255) COLLATE utf8_unicode_ci DEFAULT NULL,
  `state` varchar(255) COLLATE utf8_unicode_ci DEFAULT NULL,
  `zipcode` varchar(255) COLLATE utf8_unicode_ci DEFAULT NULL,
  `created_at` datetime DEFAULT NULL,
  `updated_at` datetime DEFAULT NULL,
  `active` tinyint(1) DEFAULT '0',
  `battle_buddy_enabled` tinyint(1) DEFAULT '0',
  `latitude` float DEFAULT NULL,
  `longitude` float DEFAULT NULL,
  `gmaps` tinyint(1) DEFAULT NULL,
  `phone_number` varchar(255) COLLATE utf8_unicode_ci DEFAULT NULL,
  `email` varchar(255) COLLATE utf8_unicode_ci DEFAULT NULL,
  `contact_name` varchar(255) COLLATE utf8_unicode_ci DEFAULT NULL,
  `fax_number` varchar(255) COLLATE utf8_unicode_ci DEFAULT NULL,
  `mailing_address` varchar(255) COLLATE utf8_unicode_ci DEFAULT NULL,
  `mailing_address_additional` varchar(255) COLLATE utf8_unicode_ci DEFAULT NULL,
  `address_additional` varchar(255) COLLATE utf8_unicode_ci DEFAULT NULL,
  `mailing_city` varchar(255) COLLATE utf8_unicode_ci DEFAULT NULL,
  `mailing_state` varchar(255) COLLATE utf8_unicode_ci DEFAULT NULL,
  `mailing_zipcode` varchar(255) COLLATE utf8_unicode_ci DEFAULT NULL,
  `parent_organization` varchar(255) COLLATE utf8_unicode_ci DEFAULT NULL,
  `subsidizing_organization` varchar(255) COLLATE utf8_unicode_ci DEFAULT NULL,
  `organizational_status` varchar(255) COLLATE utf8_unicode_ci DEFAULT NULL,
  `operating_budget` varchar(255) COLLATE utf8_unicode_ci DEFAULT NULL,
  `ein` varchar(255) COLLATE utf8_unicode_ci DEFAULT NULL,
  `duns` varchar(255) COLLATE utf8_unicode_ci DEFAULT NULL,
  `nsic_code` varchar(255) COLLATE utf8_unicode_ci DEFAULT NULL,
  PRIMARY KEY (`id`)
) ENGINE=InnoDB AUTO_INCREMENT=13 DEFAULT CHARSET=utf8 COLLATE=utf8_unicode_ci;
/*!40101 SET character_set_client = @saved_cs_client */;

--
-- Dumping data for table `organizations`
--

LOCK TABLES `organizations` WRITE;
/*!40000 ALTER TABLE `organizations` DISABLE KEYS */;
INSERT INTO `organizations` VALUES (1,'ArtsReady','1800 Peachtree St','Atlanta','GA','30309','2011-08-22 13:16:56','2011-09-02 02:24:30',1,1,33.8039,-84.3933,1,'404-874-7244','admin@artsready.org','Mollie Lakin-Hayes',NULL,NULL,NULL,NULL,NULL,NULL,NULL,NULL,NULL,'UNKNOWN','UNKNOWN',NULL,NULL,NULL),(2,'Fractured Atlas','248 W. 35th Street','New York','NY','10001','2011-08-22 13:17:04','2011-09-02 02:24:30',1,1,40.7524,-73.9919,1,'','','',NULL,NULL,NULL,NULL,NULL,NULL,NULL,NULL,NULL,'UNKNOWN','UNKNOWN',NULL,NULL,NULL),(3,'Lincoln Center','10 Lincoln Center Plaza','New York','NY','10023','2011-08-22 13:17:08','2011-09-02 02:24:30',1,1,40.7723,-73.983,1,NULL,NULL,NULL,NULL,NULL,NULL,NULL,NULL,NULL,NULL,NULL,NULL,'UNKNOWN','UNKNOWN',NULL,NULL,NULL),(4,'Whitney Museum of American Art','945 Madison Avenue','New York','NY','10021','2011-08-22 13:17:09','2011-09-02 02:24:30',1,1,40.7733,-73.9636,1,NULL,NULL,NULL,NULL,NULL,NULL,NULL,NULL,NULL,NULL,NULL,NULL,'UNKNOWN','UNKNOWN',NULL,NULL,NULL),(5,'The Museum of Modern Art','11 West 53rd Street','New York','NY','10019','2011-08-22 13:17:10','2011-09-02 02:24:30',1,1,40.7614,-73.9776,1,NULL,NULL,NULL,NULL,NULL,NULL,NULL,NULL,NULL,NULL,NULL,NULL,'UNKNOWN','UNKNOWN',NULL,NULL,NULL),(6,'Swine Palace','105 Music and Dramatic Arts Building ','Baton Rouge','LA','70806','2011-08-22 16:58:16','2011-09-02 02:24:30',1,1,30.4483,-91.1209,1,'','','',NULL,NULL,NULL,NULL,NULL,NULL,NULL,NULL,NULL,'UNKNOWN','UNKNOWN',NULL,NULL,NULL),(7,'San Francisco Ballet','455 Franklin Street','San Francisco','CA','94102','2011-08-23 05:38:42','2011-09-02 02:24:30',1,1,37.7788,-122.422,1,'415.865.6590','kcarim@sfballet.org','Kim Ondreck Carim',NULL,NULL,NULL,NULL,NULL,NULL,NULL,NULL,NULL,'UNKNOWN','UNKNOWN',NULL,NULL,NULL),(8,'Ferst Center for the Arts at Georgia Tech','349 Ferst Drive','Atlanta','GA','30332','2011-08-23 14:36:05','2011-09-02 02:24:30',1,1,33.775,-84.3993,1,'404-894-9194','jack.rogers@arts.gatech.edu','Jack Rogers',NULL,NULL,NULL,NULL,NULL,NULL,NULL,NULL,NULL,'UNKNOWN','UNKNOWN',NULL,NULL,NULL),(9,'Southern Rep Theatre','333 Canal Street Box 34','New Orleans','LA','70130','2011-08-24 01:44:22','2011-09-02 02:24:30',1,1,29.9336,-90.07,1,'504-523-9857','ahayes@southernrep.com','Aimee Hayes',NULL,NULL,NULL,NULL,NULL,NULL,NULL,NULL,NULL,'UNKNOWN','UNKNOWN',NULL,NULL,NULL),(10,'South Arts','1800 Peachtree St NW Suite 808','Atlanta','GA','30309','2011-08-25 02:10:47','2011-09-02 02:24:30',1,1,33.8039,-84.3933,1,'404-201-7939','kmalone@southarts.org','Katy Malone',NULL,NULL,NULL,NULL,NULL,NULL,NULL,NULL,NULL,'UNKNOWN','UNKNOWN',NULL,NULL,NULL),(12,'Katy\'s Dance Troupe','1226 Otello Ave','Clarkston','GA','30021','2011-09-06 15:20:08','2011-09-06 15:21:37',1,0,33.8152,-84.2247,1,'404-201-7939','katymalone22@yahoo.com','Kathryn Mary Malone','','','','','','','','','','02 Organization - Non-profit','Less than $1,000,000','11-111-1111','','03 Performing Group');
/*!40000 ALTER TABLE `organizations` ENABLE KEYS */;
UNLOCK TABLES;

--
-- Table structure for table `pages`
--

DROP TABLE IF EXISTS `pages`;
/*!40101 SET @saved_cs_client     = @@character_set_client */;
/*!40101 SET character_set_client = utf8 */;
CREATE TABLE `pages` (
  `id` int(11) NOT NULL AUTO_INCREMENT,
  `title` varchar(255) COLLATE utf8_unicode_ci DEFAULT NULL,
  `slug` varchar(255) COLLATE utf8_unicode_ci DEFAULT NULL,
  `body` text COLLATE utf8_unicode_ci,
  `created_at` datetime DEFAULT NULL,
  `updated_at` datetime DEFAULT NULL,
  PRIMARY KEY (`id`)
) ENGINE=InnoDB AUTO_INCREMENT=18 DEFAULT CHARSET=utf8 COLLATE=utf8_unicode_ci;
/*!40101 SET character_set_client = @saved_cs_client */;

--
-- Dumping data for table `pages`
--

LOCK TABLES `pages` WRITE;
/*!40000 ALTER TABLE `pages` DISABLE KEYS */;
INSERT INTO `pages` VALUES (1,'About','about','ArtsReady was conceived in 2006 after <a href=\"http://www.southarts.org\"target=blank>South Arts</a> (then the Southern Arts Federation) collected and distributed $200,000 to artist and arts organizations affected by Hurricanes Katrina and Rita. It became obvious that we in the nonprofit arts sector did not have the training or knowledge to help rebound from emergencies. South Arts began research into business continuity and, with funding from The Andrew W. Mellon Foundation and assistance from the University of California/Berkeley IT and Continuity staff and the Mississippi Arts Commission, developed the prototype of a readiness planning tool. Working with continuity experts and arts organizations who had experienced crises, we shifted the ArtsReady principles away from disasters and toward any type/size of crisis that would interrupt an arts organizations business; away from specific emergency plans to the concept of all hazards planning; and considered the entire range of critical functions that an arts organization needs to keep going in order to operate successfully. Additional support from The Andrew W. Mellon Foundation and the National Endowment for the Arts has made the development of the online tool possible. The ArtsReady platform has been built as an open-source tool; it also has been and will continue to be community-designed, informed throughout by those who will use the tool.\r\n\r\nIn addition to the ArtsReady platform and website, South Arts co-chairs the National Coalition on Arts Preparedness and Emergency Response, which works to encourage readiness planning by arts organizations and individual artists; to connect those impacted with response and recovery resources; to develop tools and networks to help Arts Responders be more effective; and to advocate for public policies that ensure artists and arts organizations have access to emergency resources. South Arts also maintains its Emergency Relief Fund, supported by contributions from the Henry Morrison Flagler Museum, individuals and others to provide emergency assistance to artists and arts organizations in our region.\r\n\r\n<a href=http://artsready.heroku.com/page/staff>Learn About the ArtsReady Team</a>\r\n\r\n<a href=http://artsreay.heroku.com/page/contact>Contact Us</a>','2011-08-22 13:17:13','2011-09-09 13:05:47'),(2,'About the ArtsReady Team','staff','<a href=mailto:mlakinhayes@southarts.org>Mollie Lakin-Hayes</a>, ArtsReady Director\r\nMollie led the development of ArtsReady with former team member Hannah Leatherbury shortly after Hurricanes Katrina and Rita. She has served as South Arts\' Deputy Director since 2006, where she works with all programs, the board, member state arts agencies and other partners to build a better South through the arts. She has served as a speaker/panelist for the National Endowment for the Arts and numerous state arts councils. Mollie worked for the Arizona Commission on the Arts for 14 years, was a founding board member of Alliance for Audience/ShowUp.com, and of ARTability/Accessing Arizonas Arts. Mollie is a facilitator/consultant in strategic planning and participation-building, has been a professional audio describer, and is trained in Critical Response. In Atlanta she creates glass sculpture and jewelry as Southern Flameworks. She is a member of Alternate ROOTS and has a daughter, Chandra Lakin.\r\n\r\n<a href=mailto:kmalone@southarts.org>Katy Malone</a>, ArtsReady Project Manager\r\nKaty Malone is a visual artist from Georgia with an MFA in Studio Arts. Previously she worked in public art for three years, first at the Fulton County Arts Council then at the Airport Art Program of Hartsfield-Jackson Atlanta International. In January 2010, Katy joined the South Arts team as Program Director for touring exhibits and individual artist services. She was delighted when shortly after her arrival she was asked to take on the ArtsReady project as well. Katy still creates visual art of her own and occasionally teaches courses in studio art at colleges around Atlanta.\r\n\r\nOther <a href=\"http://www.southarts.org>South Arts</a> staff that are playing key roles in the ArtsReady initiative include:\r\n\r\nGerri Combs, Executive Director\r\nAnn-Laura Parks, Development Director\r\nBola Ogunlade, Communications Manager\r\n\r\n<a href=http://artsready.heroku.com/page/about>Return to the previous page.</a>','2011-08-22 13:17:13','2011-09-09 13:09:44'),(3,'Tour','tour','ArtsReady is a web based emergency preparedness platform designed to provide arts organizations with customized business continuity plans for post crisis sustainability. We know that arts managers and artists likely don\'t have training in business continuity or crisis planning. ArtsReady has taken the best ideas from continuity experts and arts workers who have lived/worked through crises to develop this easy-to-use planning tool.  \r\n\r\nTo achieve these plans ArtsReady guides Premium Member organizations through 4 basic steps...\r\n\r\n*_Assess_*   --In an hour or less a high-level member of your organization will go through a series of readiness statements. In reading the statements she will decide how prepared your organization is in relation to the statement and how important it is to your organization. The assessment runs through _key critical functions_ for an arts organization. From people resources, to grantmaking, to technology, to performances. You decide what is included based on what your organization does!\r\n\r\n_*To-Do List*_   --From the Assessment, ArtsReady automatically produces a To-Do list to get your organization\'s preparedness plan in gear. From here your planning can be self-paced to work within your organization\'s time table. You are able to assign the To-Dos to members of your staff, set deadlines and track progress for each item. Those assigned tasks will receive notification from the system and reminders when the task is due for completion. Some To-Do tasks will even automatically prompt your organization to update key items and files on an annual or semi-annual basis!\r\n\r\n_*Critical Stuff*_   --Many To-Do items will suggest that your organization upload files into its Critical Stuff section. Similar to a virtual safety deposit box, Critical Stuff is ultra-secure cloud based storage designed to hold your most vital organizational files. From insurance policies to passwords to contact lists, everything you may need in the event of an emergency will be available to you from any internet-based device anywhere, anytime. Plus, thanks to the reminders set by the To-do function, you\'ll always know that those files are as up-to-date as possible!\r\n\r\n_*Battle Buddy Network*_   --When a crisis hits, all of us could use a hand. That\'s what the Battle Buddy Network is for. During calm times ArtsReady guides you through developing relationships with sister organizations so you can respond to each other in times of need. Then, when a problem does arise, you use ArtsReady to make a distress call, notifying these Battle Buddies and informing them of your problem. You can list resources you need and track your issue through a Crisis Console so the story is told once and your Buddies can spring into action on your behalf. If your Buddy is in crisis you can respond to them through the Lend a Hand feature, offering your own resources and help as needed.','2011-08-22 13:17:13','2011-09-12 21:52:44'),(4,'Frequently Asked Questions','faq','_*What is Readiness Planning?*_\r\n\r\nCreating your Readiness Plan means making decisions before a crisis hits about how you will respond, and collecting before a crisis all of the information and documents that you will need to respond and get your business operations back up and running. There is no one correct design for a Readiness Plan, since you need to address the particular size, assets, activities and risks for your own organization in your own particular environment. \r\n\r\nYour Readiness Plan should be a combination of documents, processes, and training that formulate what your organization will do should the unexpected occur. The ArtsReady system and/or community can help guide you through creating such a plan. You may ultimately have a singular document, or you may have a brief outline that guides key staff and volunteers through emergency operating procedures for your organization, and leads them to any additional information or documents they\'ll need. Design the plan so it meets your organization\'s unique scale and activities. It should be practicle but thorough, so it can actually be deployed in any crisis. Any documents or files needed for your Readiness Plan should be maintained as both on- and off-site hard copies, and there should be an accessible electronic version that is stored securely, and backed up off-site (internet-based cloud storage is ideal, like the <a href=http://artsready.heroku.com/page/tour>ArtsReady Critical Stuff</a> feature).\r\n\r\nA Readiness Plan focuses on your business functions. Your Plan should be all-hazards  because any crisis, interruption or emergency involves the loss or unavailability of resources. Whether you experience a theft, major illness, natural disaster or other unexpected event, the crisis is the loss of resources.\r\n\r\n*_How can ArtsReady help make a Readiness Plan?_*\r\n\r\nArtsReady is a web based emergency preparedness platform designed to provide arts organizations with customized business continuity plans for post crisis sustainability. We know that arts managers and artists likely don\'t have training in crisis planning, and it takes time to learn. ArtsReady takes the leg work out of planning for you. We have gathered the best ideas from continuity experts and arts administrators who have lived/worked through crises to develop this easy-to-use planning tool.  <a href=http://artsready.heroku.com/page/tour> Read more about ArtsReady here. </a>\r\n\r\n*_I have an account with ArtsReady already but can\'t remember my password..._*\r\n\r\n<a href=mailto:admin@artsready.org>Contact the ArtsReady team!</a> We\'re happy to help you.\r\n\r\n*_As a  Premium Member, what should my first steps be in ArtsReady?_*\r\n\r\nGreat question! There are three important first steps to starting your readiness plan in ArtsReady...\r\n# Add a second user to your organization, in case you become unavailable for some reason.\r\n# Do the ArtsReady Assessment for your organization.\r\n# Join the Battle Buddy Network.\r\n\r\nTo learn more about these tasks visit <a href=http://artsready.heroku.com/page.arts_ready_how_to>ArtsReady How To</a>.\r\n\r\n*_I  am a Premium Member and would like to learn more about my Fractured Atlas benefit_*\r\n\r\nFractured Atlas is a New York-based service organization that focuses on professional development, insurance guidance and technology services for artists and arts organizations. As a Premium ArtsReady member you get free access to their associate level membership. That comes with everything they offer--advice for insurance, workshops, online representation--the list goes on! The only exclusion is access to fiscal sponsorship. Check out <a href=http://fracturedatlas.org>Fractured Atlas\' website</a> to see everything they offer!\r\n\r\n_*As a Premium ArtsReady Member, I forgot my Fractured Atlas membership information. In fact I\'m not sure I signed up for my Fractured Atlas membership.*_\r\n\r\nContact our fantastic friends at <a href=http://fracturedatlas.org>Fractured Atlas</a>. They\'ll double check and guide you through the process as needed.\r\n\r\n_*I am a Premium Member and am having a hard time with an aspect of the platform.*_\r\n\r\nPlease visit <a href=http://artsready.heroku.com/page.arts_ready_how_to>ArtsReady How To</a>. There you\'ll find detailed instructions about each section of the platform including your Dashboard, Assessment, To-Do List, Critical Stuff, Battle Buddy Network and Library.\r\n\r\n_Did we miss your question? Ask us at <a href=\"mail to:admin@artsready.org\">admin@artsready.org</a>._','2011-08-22 13:17:13','2011-09-09 13:26:47'),(5,'Get ArtsReady','get_arts_ready','Be part of the readiness movement!\r\n\r\n| *PREMIUM MEMBER* | *BASIC MEMBER* |\r\n| _Enjoy the full ArtsReady platform! You can..._ | _Or you can start your ArtsReady journey with..._ |\r\n| Assess your organization for readiness | Our ArtsReady newsletter |\r\n| Develop and maintain a customized plan | Updates from ArtsReady on response, recovery and readiness |\r\n| Join the Battle Buddy Network | Access the ArtsReady Library |\r\n| Safely store your organization\'s Critical Stuff, accessible anytime, from anywhere | < link to the Basic User form> Sign up for Basic ArtsReady <> |\r\n| Contribute to the Library and the ongoing national readiness discussion | |\r\n\r\n       \r\nAs a Premium Member you also get a free associate membership to our development partner, <a href=http:\\\\www.fracturedatlas.org>Fractured Atlas</a>.\r\n\r\n*Sign up here for PREMIUM ArtsReady!*','2011-08-22 13:17:13','2011-08-26 14:59:18'),(6,'Give to ArtsReady','give_arts_ready','*Become an ArtsReady Partner* \r\n\r\nArtsReady was developed by the community for the community, and support from the community is what continues to drive this initiative. As a service organization you can take on a key role in making preparedness planning the rule rather than the exception in the arts. Subsidize Premium Memberships in ArtsReady for your community, so the arts organizations you care about and support can be ready for the unexpected.\r\n\r\nTo learn more about our subsidy program please contact <a href=mailto:mlakinhayes@southarts.org>Mollie Lakin-Hayes</a>, ArtsReady Director (404-874-7244 x31).\r\n\r\n____________\r\n\r\n*Donate to ArtsReady*\r\n\r\nSupport for ArtsReady is greatly appreciated at any level. To discuss on-going contributing or sponsorship opportunities please contact <a href=mailto:aparks@southarts.org>Ann-Laura Parks</a>, Development Director (404-874-7244 x25).','2011-08-22 13:17:13','2011-09-09 13:31:19'),(7,'List of current partners','listofcurrentsubsidizers','Find out if your organization qualifies for a subsidized membership to ArtsReady!\r\nNow subsidized are constituents of the...\r\n\r\n* Florida Division of the Arts \r\n* Louisiana Division of the Arts / Baton Rouge Area Foundation \r\n* Mississippi Arts Commission \r\n* North Carolina Arts Council \r\n* South Carolina Arts Commission \r\n\r\nIf you are located in the district for one of these Partners, <a href=mailto:info@artsready.org>contact us</a> to see if you can enjoy a lower rate for ArtsReady. (Please note that in all cases discounted memberships are limited at provided at the sole discretion of the Partner) \r\n\r\nDon\'t see your service organization included here? Tell them that you want ArtsReady for your community!\r\n','2011-08-22 13:17:13','2011-09-12 22:46:23'),(8,'Useful Links','useful_links','The following links offer a large variety of resources related to readiness planning...\r\n\r\n*General Information*\r\n\r\n<a href=\"http://www.southcarolinaarts.com/prepare/index.shtml\" target=blank>The South Carolina Arts Commission Resource Page</a> links to tools and resources to prepare for potentially damaging winds, flooding and long-term power outages.\r\n\r\n<a href=\"http://www.riskinstitute.org/peri/\" target=blank> The Public Entity Risk Institute</a> discusses the role of insurance in business disaster planning and recovery.\r\n\r\n<a href=\"http://www.npower.org/\"target=blank>The Nonprofit Coordinating Committee of New Yorks Disaster Planning, Emergency Preparedness & Business Continuity Guide</a> (NPower) shares its Nonprofit Guide to Business Continuity &amp; Disaster Recovery (PDF).\r\n\r\n*Planning Tools*\r\n\r\n<a href=\"http://www.virtualcap.org/downloads/VC/US_Succession_CompassPoint_Sample_Emergency_Succession_Plan.pdf\"target=blank>Emergency Succession Plan</a> - a plan to handle the sudden and unexpected loss or absence of your executive director should be in place. This tool was created by Executive Transitions, a program of CompassPoint Nonprofit Services, and is posted with their permission.\r\n\r\n<a href=\"http://www.npccny.org/info/disaster_plan.htm\"target=blank> The Nonprofit Coordinating Committee of New Yorks Disaster Planning, Emergency Preparedness & Business Continuity Guide</a> - a template for those organizations planning for major and minor disruptions to business. This document was drawn from a series of disaster planning and recovery seminars given for NPCC. This project was funded by the Japan Relief Fund of The New York Community Trust.\r\n\r\n<a href=\"http://www.fema.gov/\"target=blank> Federal Emergency Management Agency (FEMA) Checklist </a> - a checklist to assist in creating a Business Recovery Manual. FEMA also provides the Emergency Management Guide for Business and Industry.\r\n\r\n<a href=\"http://www.disastersafety.org/\"target=blank> The Institute for Business Home and Safety </a>  - 2 resources are designed for small businesses. \"Open for Business: A Disaster Protection and Recovery Planning Toolkit for the Small to Mid-Sized Business\" is a 76-page kit. \"Getting Back to Business: A Guide for the Small Business Owner Following Disaster\" is a 2-page guide. \r\n\r\n<a href=\"http://www.artsready.org/atf/cf/%7BFC9891C7-3FA1-4974-B594-9E442FF602C5%7D/Jonathan%20Katz-%20Management%20and%20Communication.pdf\"target=blank> Financial/fiscal crisis advice </a>- Jonathan Katz of the National Assembly of State Arts Agencies offers advice on being proactive in the face of funding cuts, much of which is adaptable to local arts councils and nonprofit arts organizations. \r\n\r\n*Disaster Planning*\r\n             \r\n<a href=\"http://www.shakeout.org/centralus/\"target=blank>Great Central U.S. Shakeout</a>- Much of the central and southeast US are located on the New Madrid Fault. Learn tips on how to be prepared and improve safety during an earthquake. If you missed the drill, here are <a href=\"http://www.earthquakecountry.info/roots/seven_steps.html\">Seven Steps to Earthquake Safety</a>; and the ShakeOut Manual, which offers simple to advanced levels of staff preparedness training. \r\n\r\n<a href=\"http://www.techsoup.org/toolkits/disasterplan/\"target=blank> Techsoup Disaster Recovery Guide </a> is divided into two sections, \"Preparing for Any Predicament\" (p. 10) and \"Disaster Recovery\" (p. 41). \r\n\r\n<a href=\"http://www.heritagepreservation.org/PROGRAMS/TASKFER.HTM\"target=blank> Heritage Emergency National Task Force </a>  offers a variety of <a href=\"http://www.heritagepreservation.org/PROGRAMS/TASKFER.HTM\" target=\"_blank\">resources on preparation & recovery</a>.  \r\n\r\n<a href=\"http://dplan.org/\"target=blank> Dplan.org </a> was designed for libraries and museums with permanent and temporary collections, this online disaster-planning template was developed by the Northeast Document Conservation Center and the Massachusetts Board of Library Commissioners with funding provided by the Institute of Museum and Library Services and the National Center for Preservation Technology and Training. \r\n               \r\n<a href=\"http://www.apcc.com/tools/ups_selector/\"target=blank> American Power Conversion (APC) </a> - computers and other electronic equipment  are vulnerable to power outages and surges. You may want to consider an uninterruptable power source (UPS) to protect your equipment. The APC website has a resource to help determine which UPS system is best suited to your equipment configurations and desires. \r\n\r\n*Employee Involvement*\r\n\r\n<a href=\"http://www.heritagepreservation.org/programs/tflessons/MayDay.html\"target=blank> May Day </a> from the Heritage Emergency Task Force asks us to take one step every May 1 to protect our cultural heritage. Ideas for May Day activities as well as links to HETF\'s recovery and conservation resources are available here. \r\n\r\n<a href=\"http://www.aam-us.org/\" target=blank>American Association of Museums</a> has an annual webinar on preparedness, focusing on a particular critical issue each year.  \r\n\r\n<a href=\"http://www.iaam.org/\"target=blank>International Association of Arena Manager </a> the annual Academy for Venue Safety & Security (AVSS), offering professionals in the public assembly venue industry five days of intensive training in security planning and life safety management. AVSS students complete Core Training (Year 1) and Advanced Training (Year 2) in four tracks: risk management, emergency planning, security operations, and training. Students also can go on to complete various specialized courses.\r\n\r\n*Products and Services*\r\n<a href=\"http://www.fracturedatlas.org/\"target=blank> Fractured Atlas </a> is an arts-based nonprofit offers an array of services, including affordable health, liability and property insurance options.  Premuim ArtsReady Members get a free associate membership to Fractured Atlas! <a href=mailto:admin@artsready.org>Find out more</a>.\r\n\r\n<a href=\"http://craftemergency.org/studio-protector/\"target=blank> The Studio Protector </a> was designed for serve studio artists. The Studio Protector is a calendar-sized wall chart with wheel charts and pull-out booklets that cover the essential points of preparing for and recovering from emergencies. Promote it or, even better, buy a supply for your member/local artists  bulk discounts are available. \r\n\r\n<a href=\"http://www.statearchivists.org/prepare/framework/prep.htm\"target=blank> Council of State Archivists Pocket Response Plan (PReP) </a> is for any institution that needs to protect records or other collections, and is intended to be customized for each institution and individual staff member. It is printed on both sides of a sheet of paper, then folded to credit card size, which can be stored in a wallet.\r\n\r\n_Did we miss something great? <a href=mailto:admin@artsready.org>Let us know!</a>_\r\n','2011-08-22 13:17:13','2011-09-06 17:54:36'),(9,'Site Map','site_map','h3. Public Pages\r\n\r\n<a href=http://artsready.heroku.com/>**ArtsReady Home Page**</a>\r\n\r\n* <a href=http://artsready.heroku.com/page/about>About</a>\r\n** <a href=http://artsready.heroku.com/page/staff>About the ArtsReady Team</a>\r\n* <a href=http://artsready.heroku.com/page/tour>Tour</a>\r\n* <a href=http://artsready.heroku.com/page/faq>Frequently Asked Questions</a>\r\n* <a href=http://artsready.heroku.com/sign_up>Get ArtsReady</a>\r\n* <a href=http://artsready.heroku.com/page/give_arts_ready>Give to ArtsReady</a>\r\n\r\n* <a href=http://artsready.heroku.com/page/useful_links>Useful Links</a>\r\n* <a href=http://artsready.heroku.com/page/readiness_library>Library</a>\r\n\r\n* <a href=http://artsready.heroku.com/page/support_arts_ready>Support for ArtsReady</a>\r\n* <a href=http://artsready.heroku.com/page/contact_us>Contact Us</a>\r\n* <a href=http://artsready.heroku.com/page/press_center>Press Center</a>\r\n* <a href=http://artsready.heroku.com/page/arts_ready_how_to>ArtsReady How To</a>\r\n\r\n* <a href=http://artsready.heroku.com/sign_in>Login</a>\r\n* <a href=http://artsready.heroku.com/sign_up>Join</a>\r\n\r\nh3. Premium Members Only \r\n(log in for access to all pages listed below)\r\n\r\n<a href=https://artsready.heroku.com/member/index>**Dashboard**</a>\r\n\r\n* <a href=https://artsready.heroku.com/assessment>Assess</a>\r\n* <a href=https://artsready.heroku.com/todos>To Do</a>\r\n* <a href=https://artsready.heroku.com/articles/critical_list>Our Critical Stuff</a>\r\n* <a href=https://artsready.heroku.com/lend_a_hand>Battle Buddy Network</a>\r\n** <a href=https://artsready.heroku.com/lend_a_hand>Lend a Hand</a>\r\n** <a href=https://artsready.heroku.com/get_help>Find a Buddy</a>\r\n** <a href=https://artsready.heroku.com/buddies/profile>Our Profile</a>\r\n** Crisis Console (only available when a crisis has been declared)\r\n\r\n* Crisis Mode <a href=https://artsready.heroku.com/crises/new>Activate</a>\r\n\r\n* <a href=https://artsready.heroku.com/users/edit>Settings</a> (subpages only available after login)\r\n** My Info\r\n** Organization\r\n** Our Team\r\n** Previous Crises (if applicable)\r\n\r\n* <a href=http://artsready.heroku.com>Logout</a>','2011-08-22 13:17:13','2011-09-09 13:33:14'),(10,'Support for ArtsReady','support_arts_ready','*ArtsReady is a national initiative of South Arts supported in part by The Andrew W. Mellon Foundation, the National Endowment for the Arts, and the Henry Morrison Flagler Museum. The ArtsReady platform was developed with the assistance of the University of California/Berkeley and <a href=http:\\\\www.fracturedatlas.org>Fractured Atlas</a>. Early support and advice was provided by the Mississippi Arts Commission.*\r\n\r\nArtsReady was developed by the community for the community, and support from the community collective is what continues to drive this movement. The ArtsReady Team would like to express its gratitude to the following...\r\n\r\n| *Partners* _subsidizing Premium Members in their communities_ |\r\n| Florida Division of the Arts |\r\n| Louisiana Division of the Arts / Baton Rouge Area Foundation |\r\n| Mississippi Arts Commission |\r\n| North Carolina Arts Council |\r\n| South Carolina Arts Commission |\r\n\r\n| *Contributors* |\r\n| <a href=https://artsready.heroku.com/give_to_arts_ready>Find out more about contributing</a> |\r\n\r\n\r\n\r\n| *Sponsors* |\r\n| <a href=https://artsready.heroku.com/give_to_arts_ready>Find out more about sponsorships</a>  | \r\n\r\n\r\n\r\n| *Advisors* _early adopters and members of the community development teams_ |\r\n| The Ferst Center for the Arts at Georgia Tech |\r\n| San Francisco Ballet |\r\n| Southern Rep Theatre |\r\n| Swine Palace at Louisiana State University |\r\n\r\n________\r\n\r\n*You can become part of the preparedness movement! Bring ArtsReady to your community by becoming a Partner, or sponsor this national initiative. <a href=http://artsready.heroku.com/page/give_arts_ready>Find out how</a>.*\r\n','2011-08-22 13:17:13','2011-09-09 13:29:09'),(11,'Contact Us','contact_us','h3. Questions/Comments/Concerns?\r\n\r\nPlease contact <a href=mailto:admin@artsready.org>Katy Malone</a>, ArtsReady Project Manager\r\n404-874-7244 x 29\r\n\r\nFor press inquiries please contact <a href=mailto:bogunlade@southarst.org>Bola Ogunlade</a>, Communications Manager\r\n404-874-7244 x 28\r\n\r\nh3. Mail to:\r\n\r\nArtsReady c/o South Arts\r\n1800 Peachtree St, Suite 808\r\nAtlanta, GA 30309\r\nFax: 404-873-2148','2011-08-22 13:17:13','2011-09-06 17:08:06'),(12,'Press Center','press_center','*August 2011:* _ArtsReady Online Platform Prepares Arts Groups for Post-Crisis Business Continuity_ <a href=\"http://www.artsready.org/atf/cf/%7Bfc9891c7-3fa1-4974-b594-9e442ff602c5%7D/ARGENERALPRESSRELEASE.PDF\"target=blank>Press release</a>\r\n\r\n_____\r\n\r\nContact <a href=mailto:bogunlade@southarts.org>Bola Ogunlade</a> for more information (404-874-7244 x28).','2011-08-22 13:17:13','2011-08-31 21:28:12'),(13,'ArtsReady How To','arts_ready_how_to','*For Basic Members* --Basic Members receive the ArtsReady newsletter, ArtsReady alerts, and pertinent email communications to keep them abreast of advances in readiness, and to inform them of issues that may effect thier region. Basic Members are welcome to utilize the public ArtsReady Library to find resources and assistance related to their planning. They can also explore the various Useful Links on the ArtsReady site which include response and recovery resources that can be ciritcal following an emergency. However, Basic Members cannot submit articles to the Library or make comments on the ones other organizations have added. To make a contribution to the Library we invite Basic Members to upgrade to a <a href=http://artsready.heroku.com/sign_up>Premium Membership</a>. \r\n\r\n_______________\r\n__________\r\n\r\n*For Premium Members* --The following instructions are to provide our Premium Members guidance as they navigate the ArtsReady platform.  The platform was designed to help an organization create and maintain a comprehensive readiness plan based on its critical functions. \r\n\r\n_____________________________\r\n\r\nh2. General Information about ArtsReady\r\n\r\nThe critical functions you will encounter throughout the platform were designated by two years of research from arts community members and design teams. Those critical functions are:\r\n\r\n*People Resources* --The staff, volunteers, members, and visitors of the organization.\r\n*Technology* --The computers, data storage, internet and software you use everyday.\r\n*Finances & Insurance* --The funds and your coverage, and how they are accessed.\r\n*Productions* --The shows and events created at or presented by your organization.\r\n*Ticketing & Messaging* --The box office, public communication, and sales to your public.\r\n*Facilities* --The space, rented or owned, where your organization is located or holds its activities.\r\n*Programs* --The classes, workshops, and projects of your organization and their priority.\r\n*Grantmaking* --The funding sources, the awardees, and the way your grant program works.\r\n*Exhibits* --The inventory, the transport, and the handling of the precious objects you facilitate for display.\r\n\r\nThe first three functions are mandatory for each organization. The remaining are optional depending on the type of organization being considered. Though the ArtsReady program is malleable and generalist, it was designed primarily for presenting and producing organizations that provide public programming, including but not limited to performances, exhibitions, readings, screenings, festivals, and workshops.\r\n\r\n______\r\n\r\nh2. Dashboard\r\n\r\nh3. First Log in and ArtsReady Set Up\r\n\r\nEach organization has its own Dashboard. The first couple times you visit your ArtsReady Dashboard you will have three vital tasks to perform...\r\n\r\n*STEP 1: Assessment*\r\nWhen you first log in you will see a big green button saying \"Get Started!\" This will lead you to our assessment (read more about that below). When you are ready to assess your critical functions, dive right in! It was designed for a high level member of your organization and will take about an hour.\r\n\r\n*STEP 2: Add a Second User*\r\nYou will also see a section titled \"Most Urgent To Dos.\" This will list To-do items that are coming due. Most of the To-Dos will get assigned to your organization after the assessment. However, one To-Do is mandatory and must be addressed right away! *We require each organization to add _at least_ one additional ArtsReady team member.* This is in case the primary account holder becomes unavailable. Please be sure to add a second user immediately or risk having your account frozen.\r\n\r\nTo add additional team members:\r\n# Go to Settings using the button on the top right\r\n# Under *My Info* select \"Our Team\"\r\n# In the field at the bottom fill in the first name, last name, and email address for your team member.\r\n# Hit the green \"Add\" button\r\n# The new team member will get an automatic email welcoming them to ArtsReady.\r\n\r\n*STEP 3: Join the Battle Buddy Network*\r\nThe Battle Buddy Network will help you create reciprocal relationships with other arts organizations in ArtsReady to help each other in times of crisis. Joining the Network is fast, easy and vital to truly creating a readiness plan. On the right side of the Dashboard you will see a red link \"Join the Battle Buddy Network.\" Click the link! This will lead you to your Settings (also visible on the top right of the screen), and *My Info*. You will be under the tab \"Organization.\" Select the checkbox at the bottom of the profile to join Battle Buddies.\r\n\r\nh3. After the Set Up and First Time\r\n\r\nYour Dashboard will provide a snapshot of everything ArtsReady. \r\n\r\nIn the information bar on the right you can: \r\n* Access your *Crisis Mode* button\r\n* See the progress bars letting you know how far along you are in your Assessment and To-Do items\r\n* See if anyone has declared a crisis; or, if everything is all right, you\'ll see \"All ArtsReady members are doing great!\"\r\n* Find a link to the latest Featured Library article\r\n\r\nIn the center you will see:\r\n* \"Our Most Urgent To-Dos\" listing to-do items that are due. To learn more about the item presented on the Dashboard, click on its hyperlink.\r\n* Critical Stuff shortcuts\r\n \r\nAbove the navigation tabs, you will find *Settings* which allows you to control various aspects of your organization\'s set up. After your mandatory second user, we encourage to add additional members to your ArtsReady team (up to ten). You will notice a variety of levels within the security clearances.\r\n\r\n| Manager | Can access, change, and control all aspects of your ArtsReady account and its articles |\r\n| Executive | Can assign To- Do items and view all articles related to your ArtsReady account but cannot alter team memberships |\r\n| Editor | Can view and alter Private articles related to your ArtsReady account but can not view Executive* level articles |\r\n| Reader | Can read but not alter Private* articles only |\r\n\r\n*To learn about the different article levels please see the Library and Critical Stuff section. All team members can view, alter and comment upon Public articles.\r\n\r\n__________________\r\n\r\nh2. Assessment\r\n\r\nh3. Beginning your Assessment\r\n\r\nThe Assessment was designed to analyze your level of readiness for each of the critical functions of your organization. Each statement will guide you into considering how a certain element affects what you do and how vital it is to the overall workings of your business. By thinking about each aspect of your critical functions, your organization can determine what needs to be better protected should the unexpected arise.\r\n\r\nThe Assessment should be completed by a high level member of the organization who understands each part of what you do (like the Director, President, or CEO).\r\n\r\nIt should only take an hour, ideally completed in one sitting. \r\n\r\nh3. The Assessment in Progress\r\n\r\nYou are prompted to consider the preparedness level of each element and its priority to your organization. If you would like more clarification the Learn more about this topic tab to the right offers an explanation.\r\n\r\n| *The Preparedness choices are:* |\r\n\r\n| *Ready* | Select ready if the statement is true, and you are sure the item is up-to-date. |\r\n| *Not ready* | This means that the item has not been considered or safeguarded. |\r\n| *Needs work* | This option is ideal if you have taken some steps to toward achieving the statement, but the plans you\'ve made could use updating or revisiting. |\r\n| *Unknown* | Choose unknown if you aren\'t sure what the statement is asking, or if you truly don\'t know your readiness status. You\'ll be able to study the topic to learn more and decide its importance to your organization later when you see this item on your To-Do list. |\r\n\r\n| *The Priority levels are:* |\r\n\r\n| *Critical* | This means that the statement relates to something vital to what you do. |\r\n| *Non-critical* | The statement may relate to a necessary part of your functioning, but it is not completely vital to your organization. |\r\n,\r\n\r\nIf the statement is irrelevant to your organization or not important, choose not applicable to the left. If the entire section of statements does not apply you can uncheck the box at the top of the section to remove all of them from your list. To revisit a statement, select the reconsider button after it has been grayed out.\r\n\r\nAs you complete the Assessment the ArtsReady system will automatically create a To-Do list for your organization, so you can create your readiness plan. As you are running through the statements, if you think of something that we missed, you can add your own To-Do or note at the bottom of each section. Type your idea under \"Add another Item.\" You can sort the item based on the Critical Function it relates to. To learn more about the other fields for \"Add another item\" read the section titled _To Do List_.\r\n\r\nh3. After the Assessment\r\n\r\nYou are ready to start looking over your To-Do List and assigning tasks to your ArtsReady team (remember to visit you Settings to add or update members as needed). \r\n\r\nAnnually the ArtsReady system will automatically prompt you to revisit the Assessment to make sure nothing has changed within your organization, gotten outdated, or has since has added to the Assessment by the greater ArtsReady community. The prompt will come in the form of a To-Do item assigned to you!\r\n\r\n_Still have questions? Contact <a href=\"mail to: admin@artsready.org\">admin@artsready.org</a>_\r\n\r\n______\r\n\r\nh2. To-Do List\r\n\r\nThe To-Do List is a series of tasks that you or the ArtsReady system has created that must be preformed to develop and maintain your organization\'s fully comprehensive and customized readiness plan. \r\n\r\nh3. To-Do Items from the Assessment\r\n\r\nThe majority of your To-Do List comes from your Assessment. The ArtsReady system auto-populates the List based on your responses to the statements. Once the Assessment has been completed you can put readiness planning onto a timeline that makes sense for your organization. Depending on how you answer the Assessment items in the To-Do List will port over with varying statuses and priority levels. Some Assessment items create multiple To-Do items. You can change the Priority accordingly but the Status can only be changed by addressing and completing the task. To-Do items are sorted by Critical Function corresponding to its Assessment origin.\r\n\r\n*STATUS*\r\n*Completed* --You answered that this statement in the Assessment was true and the corresponding To-Do item did not need to be addressed. We do recommend that you check the item though to see if you should upload an article to your Critical Stuff.\r\n*In Progress* --Your organization indicated that the item needs work.\r\n*Not Started* --The item has yet to be addressed or considered. This is also the status for items that were \"unknown.\"\r\n\r\n*PRIORITY*\r\n*Critical*  --The item is vital to your organization\'s readiness plan.\r\n*Not Critical* --The item is important but not critical to your organization.\r\n\r\nh3. _Your_ To-Do Items\r\n\r\nAs you are performing the Assessment or when you are considering your To-Do List, you may think of something vital or specific to your organization that must be taken care of as part of your custom readiness plan. At the bottom of each Assessment section and at the bottom of the To-Do List, you will see the blank bar \"Add an Item\". There you can write yourself a new item. Then you can assign, sort, and label accordingly.\r\n\r\nh3. Recurring and Automatic To-Dos\r\n\r\nCertain To-Do items are automatic to the ArtsReady system because they are universally important. Two key automatic To-Dos are:\r\n\r\n# *Adding a second user* --Each organization must have _at least_ two ArtsReady team members. This To-Do must be performed as one of the initial parts of your set up in ArtsReady.\r\n# *Re-Assessment* --Annually a To-Do item will crop up prompting your organization to re-do its Assessment to make sure nothing has changed.\r\n\r\nOther items on the To-Do list are given \"expiration dates\" to ensure tasks are annually, or in some cases bi-annually, revisited and updated. Examples of such To-Dos are updating the phone tree, meeting with an insurance agent or broker, or renewing CPR and First Aid training. By prompting your organization automatically the ArtsReady system makes sure that your organization will always be in a posture of readiness, and that no aspect of your plan will be forgotten or become out-dated.\r\n\r\nh3. Assigning To-Do Items to your Team\r\n\r\nEach item in the To-Do list should be assigned to a member of your organization\'s ArtsReady team and given a due date. Once that is established the assigned team member will get an automatic email notifying them of the assigned task. Then, if the item hasn\'t been completed at the due date, the member will get a reminder of the task from the system \r\n\r\nTo select a team member select from the drop down list under \"Assigned to.\" This list is populated by the ArtsReady team members that have been entered for your organization under its \"Settings.\" Then choose the due date on the calendar. Once your selections have been made, hit the \"Update\" button.\r\n\r\nh3. The To-Do Detail Page\r\n\r\nWhen, as the assigned team member, you are ready to address the To-Do item, you can log into the system, go to the To-Do page and select the red \"Detail\" button beside it. That will lead you to the To-Do\'s Detail page. You will see all of the information related to the task at hand including to whom it is assigned, when it is due, its status, and when it was last reviewed.\r\n\r\nThere you can link Related Articles to the item either from the Library as a reference (like linking an article about protecting paper artifacts for a To-Do about protecting your exhibit items), or the article can be something from your Critical Stuff that is directly related to the plan (like a pdf of your flood insurance policy for your To-Do about access to insurance policies). Some Articles may already be present to help guide you through the item. This is when you can research statements from the Assessment that you were unsure about by reading articles, viewing examples, and finding tips associated with the resulting T-Do.\r\n\r\nTo indicate your progress on the To-Do item and what steps were taken to take care of the assignment, log a note about the To-Do.\r\n\r\nWhen you have completed your changes hit \"Save note.\"\r\n\r\n_Still have questions? Contact <a href=\"mail to: admin@artsready.org\">admin@artsready.org</a>_\r\n\r\n______________\r\n\r\nh2. Critical Stuff and Premium Member Library\r\n\r\nh3. Library\r\n\r\nThe Library is a vast resource of articles related to readiness and recovery. Articles within the Library can be Public (viewable to the entire ArtsReady community, Premium and Basic Members alike), or Private (only viewable to your organization). Premium Members are able to upload articles to the Library and comment on the Public submissions of others. Basic Members can view Public submissions to learn about business continuity and help with their own readiness planning.\r\n\r\nh3. Critical Stuff\r\n\r\nOften as you are completing an item on your To-Do list, you will be prompted to upload an article to your Critical Stuff. Critical Stuff is like your safety deposit box. It is where your most vital articles that you may need in an emergency go so you will always know where they are, and you can access them at anytime from any internet-ready device. This is a key component to achieving organizational readiness.\r\n\r\nh3. Uploading Articles\r\n\r\nWhen you are uploading an article to ArtsReady, you are required to you provide a title, and short description of the item. You will also be asked to select a _Critical Function_ which will allow the article to be searchable and sorted related to the key elements for arts organizations. You may also assign tags related to the subject the article addresses for more specific searches.\r\n\r\nArticles can be files uploaded from your hard drive, like a pdf of your insurance policy, a doc of your communication plan, or a jpg of your facility. An article can also be a select url link that, for example, leads to your board list on your website or provides access to your online database. Or you can make an article by typing text directly into the provided body field. This kind of article may be useful if you want to make a quick listing or set of instructions (like writing out your serial numbers for your software or the contact information for the best maintenance crew in your area). Direct text can be formatted with <a href=http://textile.thresholdstate.com/>textile syntax</a> or basic html. You can also use the large body field to describe an article with an associated file and/or link.\r\n\r\nWhen uploading articles you have several options and levels of security that you can select.\r\n\r\n| *PUBLIC* | Viewable to the whole ArtsReady Community in the Library | Premium Members are welcome to comment these |\r\n| *PRIVATE* | In the Library but viewable only to your organization |  Available to all of your ArtsReady team members |\r\n| *EXECUTIVE FILES* | A step above Private articles; viewable only to Managers and those with Executive privileges on your ArtsReady team | Reserved for sensitive files that should only be viewed by top staff at your organization |\r\n\'\r\n\r\nh4. Sharing within your Battle Buddy Network\r\n\r\nOnce you have established your organizational Battle Buddy Network you may want to share articles with select sister organizations in advance of or during a crisis. This is so your Battle Buddy can act as your proxy should you need outside assistance. Examples of items you may want to share are contact lists or communication plans, so the Battle Buddy can speak on behalf of your organization if called upon to do so. Choosing \"All Battle Buddies\" allows your entire Network the ability to access the document. Using \"Specific Battle Buddies\" lets you choose from your list of Buddies.\r\n\r\nBe sure to communicate with your Battle Buddy about the document you have shared and what its purpose is in your readiness plan, so your Buddy is adequately prepared to assist you if needed. The Buddy will be able to read the item, but will not have editing abilities.\r\n\r\nh4. Including an Article in Critical Stuff\r\n\r\nCritical Stuff should be reserved for your most vital files so they can be accessed easily and quickly. If you are uploading a renewed copy of a key item, we recommend that you edit the old version rather than uploading a new one to avoid confusing duplicate copies. Maintaining a clean and easliy accessible listing will make your response to the unexpected faster and smoother.\r\n\r\nh4. Assigning an Article to a To-Do Item\r\n\r\nArticles can also be assigned to pertinent To-Do items for your organization. The article could be a reference for the person assigned to the task, like an article about cloud storage from the Public Library for a To-Do task related to backing up your servers. It could also be specific to the task itself, like linking your organizational chart to the To-Do that discusses organizational charts. Articles assigned in this manner will be visible on the appropriate To-Do\'s detail page.\r\n\r\n*NOTICE: Both the Library and Critical Stuff  features of ArtsReady were designed to promote preparedness and help develop your organizational plan. They are _not_ for a backup of all of your digital files. The Technology section will guide you through setting up such full system backups. Those abusing the Library or Critical Stuff features will be in breach of contract and may lose ArtsReady privileges without refund, notification, or re-entry ability. Please review our <a href=http://artsready.heroku.com>Terms of Use</a> for more information.*\r\n\r\n_Still have questions? Contact <a href=\"mail to: admin@artsready.org\">admin@artsready.org</a>._\r\n\r\n__________\r\n\r\nh2. Battle Buddies\r\n\r\nThe Battle Buddy Network was designed to help arts organizations make connections with one another in times of calm, so when trouble strikes you can immediately turn to one another for help. The relationship between Battle Buddies should be one of trust, adequate communication, and mutual respect. Joining the Battle Buddies when you begin your ArtsReady journey is only a partial step toward truly engaging with the Network. The rest requires research so you can find a Buddy that will help you in your more vulnerable areas, and outreach so you can establish a relationship. This is the most advanced part of ArtsReady but can be the most rewarding and maybe even most vital.\r\n\r\nh3. Building \"Our Profile\"\r\n\r\nWhen you first visit the Battle Buddy Network you will see 3 tabs: Lend a Hand, Find a Buddy, and Our Profile. A fourth tab, Crisis Console, is only visible if you have activated the Crisis Mode in ArtsReady.\r\n\r\nh3. Find a Buddy: Building a Network\r\n\r\n*Finding a Buddy*\r\nArtsReady recommends that organizations seek multiple Battle Buddies with a minimum of two--one within your region and one out of your region in case a large scale disaster hits. \r\n\r\nIn looking for a Buddy you should consider what may be useful to you and your Critical Functions if your organization is compromised. Remember that a Buddy may not be directly within your arts discipline! Some things that a Buddy may help with...\r\n* Sending extra hands if you need help with a clean up, set up, or move\r\n* Communicating on your behalf if you are incapacitated organizationally\r\n* Providing back up office, rehearsal, or production space\r\n* Assisting with technical expertise (like loaning an accountant, lighting tech, maintenance person, etc)\r\n* Giving you a gathering space if you can\'t get to your typical facility.\r\n\r\nLook at the potential Buddy\'s profile in ArtsReady and/or research their organization externally by visiting websites or reading about them to gather more information. Once you have chosen a Buddy to approach you can hit the \"Add a Buddy\" button. The system will send the organization an automated note stating your request.\r\n\r\n*A Buddy Invitation to you!*\r\nYou have received an email from an organization requesting Battle Buddy status. We highly recommend that you research the requestor before you commit. The research should not be unlike that you perform to find Buddies. Remember, Battle Buddy relationships must be mutual. By becoming a Buddy you agree to help and be helped by one another. Do not feel obligated to accept a request if the organization would not be a suitable match.\r\n\r\nHowever if you research the Buddy and find the relationship appropriate, proceed accordingly and become Battle Buddies!\r\n\r\n*Now that you\'re Buddies*\r\nIt\'s great to have friends! Now you want to communicate with your Buddy so you can define the parameters of the relationship and what role you are interested in playing for each other in times of need. The agreement can be to reciprocate on specific needs/resources, or can be an overall organizational agreement, but each Buddy should clearly understand their commitment and formally agree.\r\n\r\nOnce you\'ve established a Battle Buddy relationship you can:\r\n* Notify your Buddies specifically and solely when you declare a crisis if you wish to keep your issue private\r\n* Share internal documents with your Buddies if something specific is needed to help you out.\r\n\r\n*Contracting with a Buddy*\r\nArtsReady does not facilitate contracts between Battle Buddies, but you may find an agreement in writing useful for clarifying expectations. We encourage establishing the relationship in the clearest and most thoughtful manner possible. \r\n\r\nNOTE: Battle Buddy relationships are and always will be based on good faith only. ArtsReady reserves the right to suspend or discontinue accounts of users who would use the Network relationships for payment or profit.\r\n\r\nh3. Lend a Hand: Helping someone out\r\n\r\n(To navigate this section it may be useful to read the section below \"Declaring a Crisis\".)\r\n\r\n*A Battle Buddy in Trouble!*\r\nIf a Battle Buddy declares a Crisis* you will receive an automatic email from ArtsReady alerting you and stating the most recent entry on their Crisis Console so you know what the problem is. From there you can log in to ArtsReady and go to the Lend a Hand page to offer your available resources and offer assistance. You can also contact them directly because the same email will list the organization\'s primary contact person (but keep in mind though that the full ArtsReady team for the organization in troubled will see your response in ArtsReady).\r\n\r\nAs the situation progresses, you will receive follow-up email alerts each time the Buddy updates the Console. You will also recieve an email notification when the Crisis is resolved and has been closed out.\r\n\r\n*This excludes Private Crisis declarations that didn\'t include you. However, your Buddy may elect to alert you of their Private Crisis after it has already been underway. You will receive a notice then and be able to see the backlog of the Crisis Console.\r\n\r\n*A Crisis from a Non-Buddy*\r\nWhen another organization declares a public crisis, you will see the issue on the Lend a Hand page and your Dashboard, even if you aren\'t Battle Buddies. You can read about the organization\'s crisis and offer help if appropriate. First suggest becoming Battle Buddies and, if they accept, you\'ll be able to offer resources and respond through their Crisis Console.\r\n\r\nh3. Crisis Console\r\n\r\nYour Crisis Console is only visible when you activate the Crisis Mode. Please see the section on Declaring a Crisis to learn more about how it works.\r\n\r\n_Still have questions? Contact <a href=\"mail to: admin@artsready.org\">admin@artsready.org</a>._\r\n\r\n____________\r\n\r\nh2. Declaring a Crisis\r\n\r\nDespite our focus on preparing for the worst, we hope you will never have to use this feature. However, at ArtsReady we know that the unexpected does happen more often than we\'d like! A crisis is any unforeseen event that is causing a temporary disruption to one, some, or all of your critical functions. Examples of a crisis may be: sudden loss of key staff, theft, natural disaster, loss of access to your facility, a technological crash, and so on.\r\n\r\nIf you have to declare a crisis, you will find the red and grey *Crisis Mode* button on your Dashboard and on the Battle Buddy Network. Before activated, Crisis Mode the button will say \"OFF\". Once you have declared a crisis the button will say \"ON.\"\r\n\r\nWhen you hit the button to declare your crisis you will first need to write a brief explanation of your problem in the \"Description\" window to tell the community what is going on. (Example: A water main busted and flooded our prop storage) Then you will  need to consider _who_ you want to notify about your crisis. There are three options:\r\n\r\nbq. *Public*--Your crisis will be visible to the entire ArtsReady Premium Member community on their Dashboards, and through _Lend a Hand_ in the Battle Buddy Network. Organizations outside of your network can offer to become your Battle Buddy* and help you. Your pre-established Battle Buddies will receive an email notification as well. \r\n*All Battle Buddies* --Your crisis will only be visible to your established Battle Buddies. They will also receive an email notification, see it on their Dashboards, and will be able to respond to you and offer aid through _Lend a Hand_ in the Battle Buddy Network.\r\n*Private/ Specific Battle Buddies* --With this option you can select which of your Battle Buddies you notify of the crisis. Only those selceted will receive an email notification. This is designed for more sensitive issues.\r\n\r\nEmail communications that go out to your Battle Buddies will include your crisis description, and the primary contact information for your organization. You can view or edit your primary contact information under \"Settings.\"\r\n\r\nOnce you have chosen your crisis level and described your issue, you hit the red \"Declare Crisis\" button and the ArtsReady system is put into motion for you! To cancel out of the page and not declare a crisis, select the \"Cancel\".\r\n\r\n*Becoming Battle Buddies should involve research into the requesting organization since it requires a bit of commitment. If possible we recommend having a proxy vet Battle Buddy requests for you while you are dealing with your Crisis. The proxy can be another pre-established Battle Buddy, your subsidizing ArtsReady Partner, or a service organization who also works in ArtsReady.\r\n\r\nh3. Crisis Console\r\n\r\nAfter you declare your crisis, and as long as your organization remains in crisis you will have access to a Crisis Console. The Console is visible immediately upon going into crisis mode, can be accessed through your Battle Buddy Network (exclusively), and will appear upon log in in lieu of your Dashboard. On the Console you can log updates about your problem and list resources you need. Each time you log an update a message will go out to the Buddies you have involved in your issue. They in turn can offer help to you and respond to your crisis through thier _Lend a Hand_ page in the Battle Buddy Network.\r\n\r\nIf you are in a Private Crisis, you can also invite in Buddies that were previously excluded. Do so by hitting the Crisis Mode button again and selecting the additional Buddy. That Buddy will receive a notification email and when they log into the system the will see your whole Crisis log on thier _Lend a Hand_.\r\n\r\nh3. Concluding the Crisis\r\n\r\nHooray! Your problem was resolved in no time with a little help from your friends (or so we hope). You are ready to announce your recovery. To do so you are welcome to send a concluding message to the field through the message log. Then on the bottom of the Crisis Console you can hit the button ending the crisis. Everyone involved will receive a notice on your behalf from the ArtsReady system saying that the issue was resolved.\r\n\r\nA backlog of your resolved crises can be found under your Settings in a tab called Previous Crises indefinitely for your review or reference. This tab only appears if you\'ve expirienced a crisis and used ArtsReady to help during it. \r\n\r\n_Still have questions? Contact <a href=\"mail to: admin@artsready.org\">admin@artsready.org</a>._','2011-08-22 13:17:13','2011-09-14 14:24:04'),(14,'Privacy Policy','privacy','Protecting the information you share with us is very important to us, and we respect your privacy. This Privacy Policy is meant to explain how we use and protect the information you share with us. This Privacy Policy applies to all users of this web site or our services, and to any information provided to us.\r\n\r\nWe reserve the right to change, modify, add, or remove provisions of this Privacy Policy. Changes to this Privacy Policy will be posted on this site. We encourage you to check back from time to time to ensure continuing familiarity with the most current version of our Privacy Policy. Please read this Privacy Policy carefully. Your use of this web site constitutes your acceptance to be bound by this Privacy Policy without limitation, qualification or change. If at any time you do not accept all the terms and conditions contained herein, you must immediately discontinue use of this web site.\r\n\r\nh3. Information Collection\r\n\r\nWe collect information from users of this web site at several different points on this web site.  When you opt to use many of the services on our web site, you must first set up an account, which requires you to submit contact information, demographic information, and certain unique identifiers. We only ask for such information as is necessary for the provision of member services, and we use it in the provision of those services. \r\n\r\nIn the event you make a transaction through the web site, we may collect your credit card number or other payment account number, billing address and other information related to such purchase (collectively, \"Payment Information\") from you.  The Payment Information is transmitted via secure, encrypted processes. We do not store credit card numbers any longer than is necessary to process transactions and provide related support and renewals. Our third-party credit card processing vendors may store credit card numbers indefinitely, and are responsible for ensuring the security of such storage.\r\n\r\nWe will use the Payment Information that you provide to bill you for and fulfill your transaction and product renewal. By providing your Payment Information, you are authorizing us to give that information to third parties as necessary to confirm and fulfill your order (for example, to process your credit card or payment account number and to send you products you have ordered).\r\n\r\nh3. Traffic Analysis\r\n\r\nWhen you visit pages on this web site, our web server records your page views. This is an extremely common practice, and is necessary for us to design the best, most usable web site possible.\r\n\r\nh3. Information Use\r\n\r\nInformation submitted by users of this web site either in the sign up process or when using one of the \"premium\" features of the web site will be used:\r\n\r\n to assist us in the provision of services;\r\n to contact users with important updates about this web site or the services it provides; and\r\n in the aggregate, as a means for us to understand more about our community and its needs.\r\n\r\nThis web site uses \"cookies\" exclusively to aid the login process. A cookie is a piece of data stored on the user\'s computer tied to information about the user. The cookies used by this web site contain very minimal information used only to identify and authenticate members. No sensitive identifying information is stored by cookies.\r\n\r\nLike most standard web site servers, we use log files. This includes internet protocol (IP) addresses, browser type, internet service provider (ISP), referring/exit pages, platform type, date/time stamp, and number of clicks to analyze trends, administer the site, track users movement in the aggregate, and gather broad demographic information for aggregate use. These types of files are not linked to sensitive identifying information.\r\n\r\nh3. Third Party Information Use\r\n\r\nWe do not share individual demographic information with any advertisers or other outside companies.\r\n\r\nThough we make every effort to preserve user privacy, we may need to disclose demographic or other identifying information collected on our web site when required by law when we have a good-faith belief that such action is necessary to comply with a current judicial proceeding, a court order or legal process served on our web site.\r\n\r\nIn the event that we go through a business transition, such as a merger, being acquired by another company, or selling a portion of our assets, users information will be, in most instances, part of the assets transferred.\r\n\r\nh3. Links\r\n\r\nThis web site contains links to other sites. We are not responsible for the privacy practices of such other web sites. We encourage our users to be aware when they leave our web site and to read the privacy statements of each and every web site that collects identifying information. This privacy statement applies solely to information collected by this web site.\r\n\r\nh3. Notification of Changes\r\n\r\nIf we decide to change our privacy policy, we will post those changes to this privacy statement so our users are always aware of what information we collect, how we use it, and under what circumstances, if any, we disclose it.','2011-09-02 02:24:30','2011-09-02 15:07:19'),(15,'Terms of Use','terms','h3. Acceptance of Terms\r\n\r\nThe services provided to you through this web site are subject to the following Terms of Use (TOU). *If you visit or use any of the services provided on this web site, you accept these conditions.* We reserve the right to update the TOU at any time without notice to you by posting an update to the web site. The most current version of the TOU can be reviewed by clicking on the Terms of Use link located on our web pages.\r\n\r\nh3. Description of Services\r\n\r\nThrough this web site, we provide you with access to a variety of resources, including guidance for the development and maintenance of a readiness plan, access to an organizational network called Battle Buddies, select data storage entitled Critical Stuff, and other services (collectively Services). The Services, including any updates, enhancements, new features, and the addition of any new web properties, are subject to the TOU.\r\n\r\nh3. Use Limitation\r\n\r\nUnless otherwise specified, the Services are for use specific to the entity which you represent or with which you are affiliated. You may not modify, copy, distribute, transmit, display, perform, reproduce, publish, license, create derivative works from, transfer, or sell any information, software, products or services obtained from the Services.\r\n\r\nh3. Privacy and Protection of Identifying Information\r\n\r\nSee our Privacy Policy disclosure relating to the collection and use of your identifying information.\r\n\r\nh3. Electronic Communications \r\n\r\nWhen you visit this web site, or when you send e-mails to us, you are communicating with us electronically. You also consent to receive communications from us electronically. We will communicate with you by e-mail or by posting notices on this web site. You agree that all agreements, notices, disclosures and other communications that we provide to you electronically satisfy any legal requirement that such communications be in writing. \r\n\r\nh3. Notice Specific to Documents Available on this Web Site\r\n\r\nPermission to use any documents available on this web site and related to the Services is granted, provided that (1) use of such documents from the Services is for informational use only and will not be copied or posted on any network computer or broadcast in any media, and (2) no modifications of any documents are made. You understand that any documents made available on this web site are to be used by our members and/or constituents for the purpose of assisting them in their use of the Services. Use for any other purpose is expressly prohibited by law. Documents specified above do not include the design or layout of this web site. Elements of this web site are protected by trade dress, trademark, unfair competition, and other laws and may not be copied or imitated in whole or in part. No logo, graphic, sound or image from any of our web sites may be copied or retransmitted unless expressly permitted by us. We, our respective partners and affiliates make no representations about the suitability or accuracy of the information contained in the documents and related graphics published as part of the Services for any purpose. All such documents and related graphics are provided as is without warranty of any kind. We and/or our respective partners and affiliates hereby disclaim all warranties and conditions with regard to this information, including all warranties and conditions of merchantability, whether express, implied or statutory, fitness for a particular purpose, title and non-infringement. In no event shall we, our respective partners or our affiliates be liable for any damages whatsoever resulting from the use or loss or use of any documents, information, or tools published or made available on any of our web sites, whether in an action of contract, negligence, or other tortuous action.\r\n\r\nh3. Membership, Password, and Security\r\n\r\nYou must have an account to use the Services.  To set up an account, you must complete the registration process by providing us with current, complete and accurate information as prompted by the applicable registration form.   When you set up your account, you will choose a password and a user name. You are entirely responsible for maintaining the confidentiality of your user name and password. Furthermore, you are entirely responsible for any and all activities that occur under your account. You agree to notify us immediately of any unauthorized use of your account or any other breach of security. We will not be liable for any loss that you may incur as a result of someone else using your password or account, either with or without your knowledge. However, you could be held liable for losses incurred by us or another party due to someone else using your account or password. You may not use anyone else\'s account at any time, without the express permission of both the account holder and us.  We reserve the right to refuse service, terminate accounts, remove or edit content, or cancel subscriptions in our sole discretion.  \r\n\r\nh3. No Unlawful or Prohibited Use\r\n\r\nAs a condition of your use of the Services, you will not use the Services for any purpose that is unlawful or prohibited by these TOU, conditions, and notices. You may not use the Services in any manner that could damage, disable, overburden, or impair any of our servers, or any network connected to any of our servers, or interfere with any other party\'s use and enjoyment of any Services. You may not attempt to gain unauthorized access to any Services, other accounts, computer systems or networks connected to any of our servers or to any of the Services, through hacking, password mining or any other means. You may not obtain or attempt to obtain any materials or information through any means not intentionally made available through the Services.\r\n\r\nh3. Use of Services\r\n\r\nThe Services may contain e-mail services, bulletin board services, chat areas, news groups, forums, communities, personal web pages, calendars, photo albums, file cabinets or other message or communication facilities designed to enable you to communicate with others (each a Communication Service and collectively Communication Services). You agree to use the Communication Services only to post, send and receive messages and material that are proper and, when applicable, related to the particular Communication Service. By way of example, and not as a limitation, you agree that when using the \r\nCommunication Services, you will not:\r\n\r\n  Use the Communication Services in connection with surveys, contests, pyramid schemes, chain letters, junk email, spamming or any duplicative or unsolicited messages (commercial or otherwise).\r\n  Defame, abuse, harass, stalk, threaten or otherwise violate the legal rights (such as rights of privacy and publicity) of others.\r\n  Publish, post, upload, distribute or disseminate any inappropriate, profane, defamatory, obscene, indecent or unlawful topic, name, material or information.\r\n  Upload, or otherwise make available, files that contain images, photographs, software or other material protected by intellectual property laws, including, by way of example, and not as limitation, copyright or trademark laws (or by rights of privacy or publicity) unless you own or control the rights thereto or have received all necessary consent to do the same.\r\n  Use any material or information, including images or photographs, which are made available through the Services in any manner that infringes any copyright, trademark, patent, trade secret, or other proprietary right of any party.\r\n  Upload files that contain viruses, Trojan horses, worms, time bombs, cancelbots, corrupted files, or any other similar software or programs that may damage the operation of another\'s computer or property of another.\r\n  Advertise or offer to sell or buy any goods or services for any business purpose, unless such Communication Services specifically allows such messages.\r\n  Download any file posted by another user of a Communication Service that you know, or reasonably should know, cannot be legally reproduced, displayed, performed, and/or distributed in such manner.\r\n  Falsify or delete any copyright management information, such as author attributions, legal or other proper notices or proprietary designations or labels of the origin or source of software or other material contained in a file that is uploaded.\r\n  Restrict or inhibit any other user from using and enjoying the Communication Services.\r\n  Violate any code of conduct or other guidelines which may be applicable for any particular Communication Service.\r\n  Harvest or otherwise collect information about others, including e-mail addresses.\r\n  Violate any applicable laws or regulations.\r\n  Create a false identity for the purpose of misleading others.\r\n  Use, download or otherwise copy, or provide (whether or not for a fee) to a person or entity any directory of users of the Services or other user or usage information or any portion thereof.\r\n\r\nWe have no obligation to monitor the Communication Services. However, we reserve the right to review materials posted to the Communication Services and to remove any materials in its sole discretion. We reserve the right to terminate your access to any or all of the Communication Services at any time, without notice, for any reason whatsoever. We reserve the right at all times to disclose any information as it deems necessary to satisfy any applicable law, regulation, legal process or governmental request, or to edit, refuse to post or to remove any information or materials, in whole or in part, in it\'s sole discretion. Always use caution when giving out any identifying information about yourself in any Communication Services. We do not control or endorse the content, messages or information found in any Communication Services and, therefore, we specifically disclaim any liability with regard to the \r\nCommunication Services and any actions resulting from your participation in any Communication Services. Moderators are not authorized spokespersons, and their views do not necessarily reflect ours. Materials uploaded to the Communication Services may be subject to posted limitations on usage, reproduction and dissemination; you are responsible for adhering to such limitations if you download the materials.\r\n\r\nh3. Materials Provided to Us or Associated Web Sites\r\n\r\nWe do not claim ownership of the materials you provide to us (including feedback and suggestions) or post, upload, input or submit to any Services or its associated services for review by the general public, or by the members of any public or private community (each a Submission and collectively Submissions). However, by posting, uploading, inputting, providing or submitting (Posting) your Submission, you are granting us, our affiliated companies and necessary sublicensees permission to use your Submission in connection with the operation of their internet businesses, including, without limitation, the license rights to: copy, distribute, transmit, publicly display, publicly perform, reproduce, edit, translate and reformat your Submission; to publish your name in connection with your Submission; and the right to sublicense such rights to any supplier of the Services. No compensation will be paid with respect to the use of your Submission, as provided herein. We are under no obligation to post or use any Submission you may provide and we may remove any Submission at any time in its sole discretion. By Posting a Submission, you warrant and represent that you own or otherwise control all of the rights to your Submission as described in these TOU including, without limitation, all the rights necessary for you to provide, post, upload, input or submit the Submissions. In addition to the warranty and representation set forth above, by Posting a Submission that contains images, photographs, pictures or that is otherwise graphical in whole or in part (Images), you warrant and represent that (a) you are the copyright owner of such Images, or that the copyright owner of such Images has granted you permission to use such Images or any content and images contained in such Images consistent with the manner and purpose of your use and as otherwise permitted by these TOU and the Services; (b) you have the rights necessary to grant the licenses and sublicenses described in these TOU; and (c) that each person depicted in such Images, if any, has provided consent to the use of the Images as set forth in these TOU, including, by way of example, and not as a limitation, the distribution, public display and reproduction of such Images. By Posting Images, you are granting (x) to all members of your private community (for each such Images available to members of such private community), and (y) to the general public (for each such Images available anywhere on the Services, other than a private community), permission to use your Images in connection with the use, as permitted by these TOU, of any of the Services (including, by way of example, and not as a limitation, making prints and gift items which include such Images), and including, without limitation, a non-exclusive, world-wide, royalty-free license to: copy, distribute, transmit, publicly display, publicly perform, reproduce, edit, translate and reformat your Images without having your name attached to such Images, and the right to sublicense such rights to any supplier of the Services. The licenses granted in the preceding sentences for Images will terminate at the time you completely remove such Images from the Services, provided that, such termination shall not affect any licenses granted in connection with such Images prior to the time you completely remove such Images. No compensation will be paid with respect to the use of your Images.\r\n\r\nh3. Other Businesses \r\n\r\nWe provide links to the web sites of certain other businesses.  We are not responsible for examining or evaluating, and we do not warrant the offerings of, any of these businesses or individuals or the contents of their web sites.  We do not assume any responsibility or liability for the actions, product, and content of these and any other third parties.  You should carefully review their privacy statements and other conditions of use.   \r\n\r\nh3. Disclaimer of Warranties and Limitation of Liability \r\n\r\nTHIS WEB SITE AND ALL INFORMATION, CONTENT, MATERIALS, PRODUCTS (INCLUDING SOFTWARE) AND SERVICES INCLUDED ON OR OTHERWISE MADE AVAILABLE TO YOU THROUGH THIS WEB SITE OR ANY RELATED WEB SITE ARE PROVIDED BY US AS ON AN \"AS IS\" AND \"AS AVAILABLE\" BASIS, UNLESS OTHERWISE SPECIFIED IN WRITING. WE MAKE NO REPRESENTATIONS OR WARRANTIES OF ANY KIND, EXPRESS OR IMPLIED, AS TO THE OPERATION OF THIS OR ANY OTHER RELATED WEB SITE OR THE INFORMATION, CONTENT, MATERIALS, PRODUCTS (INCLUDING SOFTWARE) OR SERVICES INCLUDED ON OR OTHERWISE MADE AVAILABLE TO YOU THROUGH THIS OR ANY OTHER RELATED WEB SITE, UNLESS OTHERWISE SPECIFIED IN WRITING. YOU EXPRESSLY AGREE THAT YOUR USE OF THIS OR ANY OTHER RELATED WEB SITE IS AT YOUR SOLE RISK. \r\n\r\nTO THE FULL EXTENT PERMISSIBLE BY APPLICABLE LAW, WE DISCLAIM ALL WARRANTIES, EXPRESS OR IMPLIED, INCLUDING, BUT NOT LIMITED TO, IMPLIED WARRANTIES OF MERCHANTABILITY AND FITNESS FOR A PARTICULAR PURPOSE. WE DO NOT WARRANT THAT THIS OR ANY OTHER RELATED WEB SITE, INFORMATION, CONTENT, MATERIALS, PRODUCTS (INCLUDING SOFTWARE) OR SERVICES INCLUDED ON OR OTHERWISE MADE AVAILABLE TO YOU THROUGH THIS OR ANY OTHER RELATED WEB SITE, THEIR SERVERS, OR ELECTRONIC COMMUNICATIONS SENT FROM US ARE FREE OF VIRUSES OR OTHER HARMFUL COMPONENTS. WE WILL NOT BE LIABLE FOR ANY DAMAGES OF ANY KIND ARISING FROM THE USE OF THIS OR ANY OTHER RELATED WEB SITE OR FROM ANY INFORMATION, CONTENT, MATERIALS, PRODUCTS (INCLUDING SOFTWARE) OR SERVICES INCLUDED ON OR OTHERWISE MADE AVAILABLE TO YOU THROUGH THIS OR ANY OTHER RELATED WEB SITE, INCLUDING, BUT NOT LIMITED TO DIRECT, INDIRECT, INCIDENTAL, PUNITIVE, AND CONSEQUENTIAL DAMAGES, UNLESS OTHERWISE SPECIFIED IN WRITING. \r\n\r\nh3. Applicable Law \r\n\r\nBy visiting this web site, you agree that the laws of the State of Georgia, without regard to principles of conflict of laws, will govern these TOU and any dispute of any sort that might arise between you and us. \r\n\r\nh3. Termination\r\n\r\nThese TOU shall remain effective until terminated. We reserve the right to immediately terminate these TOU, and your access to and use of this web site, at any time and for any reason, with or without cause. Upon termination of these TOU, your right to use this web site shall immediately cease, and you shall destroy all materials obtained from the web site and all copies thereof, whether made under these TOU or otherwise. You agree that any termination of your access to or use of the  web site may be effected without prior notice, and that we may immediately deactivate or delete your password and user name, and all related information and files associated with it, and bar any further access to such information or files. You agree that we shall not be liable to you or any third party for any termination of your access to this web site or to any such information or files, and shall not be required to make such information or files available to you after any such termination.\r\n\r\nh3. Suspected Violation of these TOU or Law; Injunctive, Equitable Relief, and Liquidated Damages \r\n\r\nViolations of these TOU, including unauthorized use of the web site, may be investigated and appropriate legal action may be taken, including without limitation civil, criminal and injunctive redress. You understand and agree that in our sole discretion, and without prior notice, we may terminate and block your access to this web site, cancel your transaction or services acquired through your order, refuse to honor pending and future transactions made from all credit card accounts or online accounts we believe may be associated with you, cancel a transaction associated with any person acting or believed to be acting in concert with you, cancel your listings, or exercise any other remedy available, if we believe that your conduct or the conduct of any person with whom we believe you act in concert violates or is inconsistent with these TOU or the law, or violates our rights, a client of ours or another user of the web site. Violating any limitations or terms on this web site, including but not limited to utilizing automated means to process or place transactions, will be deemed to be a violation of these TOU. If we are unable to verify or authenticate any information you provide during any registration, ordering, purchase, authentication, delivery, payment or remittance process, or any other process, or if we are no longer able to verify or authorize your credit card or bank account information, your transaction may be cancelled, we may refuse to honor all pending and future transactions made on such credit card accounts and on any online accounts associated with such credit card accounts, and you may be prohibited from using the web site. \r\n\r\nYou agree that monetary damages may not provide us a sufficient remedy for violations of these TOU and you consent to injunctive or other equitable relief for such violations. \r\n\r\nYou agree that abusive use of the web site, as defined above, causes damage and harm to us in the form of, among other things, impaired goodwill, lost sales, and increased expenses associated with responding to abusive use of the web site. You further agree that monetary damages for abusive use of the web site are difficult to ascertain and that proof of monetary damages for abusive use would be costly and difficult to calculate. Accordingly you agree that liquidated damages are warranted for abusive use. Therefore, you agree that if you, or others acting in concert with you, alone or collectively request more than 100 pages of the Site in any twenty-four hour period, you, and those acting in concert with you, will be jointly and severally liable for liquidated damages in the amount of twenty-five cents ($0.25) per page request each time that a page request is made after that first 100 during that twenty-four hour period. You also agree that this will be the measure of damages for any abusive use that occurred prior to this provision of these TOU being in effect. \r\n\r\nWe are not required to provide any refund to you if you have violated these TOU or any of our rights. Additionally, we reserve the right, in our sole discretion, to modify, suspend or discontinue any part of this web site at any time, with or without notice to you. We also reserve the right, in our sole discretion, to impose limits on certain features and services and to restrict access to any part or to the entire web site without notice to you. We shall not be liable to you or any third party for any claim or cause of action arising out of our exercise of the foregoing rights. \r\n\r\nh3. Indemnification \r\n\r\nYou agree to indemnify, defend and hold us, our affiliates, licensors, suppliers, advertisers and sponsors, and their respective directors, officers, employees, consultants, agents and other representatives, harmless from and against any and all claims, damages, losses, costs (including reasonable attorneys\' fees) and other expenses that arise directly or indirectly out of or from (a) your breach of these TOU; (b) and your activities in connection with the web site. ','2011-09-02 02:24:30','2011-09-02 15:06:09'),(16,'Help','help','Help content','2011-09-03 02:07:40','2011-09-03 02:07:40'),(17,'Give To ArtsReady','give_to_artsready','Give To ArtsReady content','2011-09-03 02:07:42','2011-09-03 02:07:42');
/*!40000 ALTER TABLE `pages` ENABLE KEYS */;
UNLOCK TABLES;

--
-- Table structure for table `questions`
--

DROP TABLE IF EXISTS `questions`;
/*!40101 SET @saved_cs_client     = @@character_set_client */;
/*!40101 SET character_set_client = utf8 */;
CREATE TABLE `questions` (
  `id` int(11) NOT NULL AUTO_INCREMENT,
  `description` text COLLATE utf8_unicode_ci,
  `critical_function` varchar(255) COLLATE utf8_unicode_ci DEFAULT NULL,
  `import_id` int(11) DEFAULT NULL,
  `created_at` datetime DEFAULT NULL,
  `updated_at` datetime DEFAULT NULL,
  PRIMARY KEY (`id`),
  KEY `index_questions_on_import_id` (`import_id`)
) ENGINE=InnoDB AUTO_INCREMENT=73 DEFAULT CHARSET=utf8 COLLATE=utf8_unicode_ci;
/*!40101 SET character_set_client = @saved_cs_client */;

--
-- Dumping data for table `questions`
--

LOCK TABLES `questions` WRITE;
/*!40000 ALTER TABLE `questions` DISABLE KEYS */;
INSERT INTO `questions` VALUES (1,'Ready means you keep your organizational chart in such a way that it can be accessed, no matter what happens.','people',1,'2011-08-22 13:17:11','2011-08-22 13:17:11'),(2,'Ready means your stakeholder contact lists are recently updated and easily obtained from offsite.','people',2,'2011-08-22 13:17:11','2011-08-22 13:17:11'),(3,'Ready means you have current, accessible, in-case-of-emergency contact information for all staff, board and regular volunteers.','people',3,'2011-08-22 13:17:11','2011-08-22 13:17:11'),(4,'Ready means you collect contact information for all contract/guest artists and store it so it\'s accessible from offsite.','people',4,'2011-08-22 13:17:11','2011-08-22 13:17:11'),(5,'Ready means you have an established phone/email tree, including alternate web-based email accounts, to contact key individuals in case of emergency.','people',5,'2011-08-22 13:17:11','2011-08-22 13:17:11'),(6,'Ready means you have documented key responsibilities and provided cross training on critical functions where a staff member\'s sudden absence would cause serious difficulties.','people',6,'2011-08-22 13:17:11','2011-08-22 13:17:11'),(7,'Ready means you have an emergency succession plan in place for your executive/leadership position.','people',7,'2011-08-22 13:17:11','2011-08-22 13:17:11'),(8,'Ready means you know how to obtain counseling for your staff if needed.','people',8,'2011-08-22 13:17:11','2011-08-22 13:17:11'),(9,'Ready means you have a designated media spokesperson, backup person and a crisis communications plan for handling media and stakeholder relations during a crisis.','people',9,'2011-08-22 13:17:11','2011-08-22 13:17:11'),(10,'Ready means you regularly conduct workplace safety training including evacuation and first aid procedures.','people',10,'2011-08-22 13:17:11','2011-08-22 13:17:11'),(11,'Ready means you have an adequate number of signatories authorized to spend funds (in case one or more is suddenly not available).','finance',11,'2011-08-22 13:17:11','2011-08-22 13:17:11'),(12,'Ready means if you collect significant amounts of cash, you have a safe location in which to secure them at the end of your event/workday.','finance',12,'2011-08-22 13:17:11','2011-08-22 13:17:11'),(13,'Ready means your financial records are accessible (and understandable) to more than one person (including bank statements, accounts receivable, accounts payable and payroll).','finance',13,'2011-08-22 13:17:11','2011-08-22 13:17:11'),(14,'Ready means you are able to conduct remote banking.','finance',14,'2011-08-22 13:17:11','2011-08-22 13:17:11'),(15,'Ready means you have a plan for how employees would be compensated during times of emergency.','finance',15,'2011-08-22 13:17:11','2011-08-22 13:17:11'),(16,'Ready means you have recently taken and stored (offsite/online) photos/videos of your building, inventory and equipment for potential insurance claims.','finance',16,'2011-08-22 13:17:11','2011-08-22 13:17:11'),(17,'Ready means you consult annually with your insurance agent about coverage and other advice.','finance',17,'2011-08-22 13:17:11','2011-08-22 13:17:11'),(18,'Ready means you have an event insurance policy in place to offset costs/losses in the case of a disruption to your normal event schedule.','finance',18,'2011-08-22 13:17:11','2011-08-22 13:17:11'),(19,'Ready means you regularly update your insurance coverage to reflect new items (e.g. equipment, supplies, acquisitions, de-accessioned artwork and borrowed artwork).','finance',19,'2011-08-22 13:17:11','2011-08-22 13:17:11'),(20,'Ready means your GuideStar profile is up to date so that potential donors can vet your organization.','finance',20,'2011-08-22 13:17:11','2011-08-22 13:17:11'),(21,'Ready means restricted-use funds (e.g. grant monies, endowment) are kept in separate bank accounts from general use funds.','finance',21,'2011-08-22 13:17:11','2011-08-22 13:17:11'),(22,'Ready means your organization\'s computer systems (administrative privileges, passwords and processes) are known to enough people, and this data is kept where people can access them, in times of disruption.','technology',22,'2011-08-22 13:17:11','2011-08-22 13:17:11'),(23,'Ready means you have considered how power failure will impact your systems, and have tested to verify you can restart systems.','technology',23,'2011-08-22 13:17:11','2011-08-22 13:17:11'),(24,'Ready means if you use outside vendors to host your website(s) and/or valuable digital data, you know what their policies are for backing up your data and keeping it safe.','technology',24,'2011-08-22 13:17:11','2011-08-22 13:17:11'),(25,'Ready means you have multiple people at your organization who know how to get in touch with I.T. vendors (and are authorized through your contract with the vendor) in case of an emergency at your organization.','technology',25,'2011-08-22 13:17:11','2011-08-22 13:17:11'),(26,'Ready means your key people are able to work remotely.','technology',26,'2011-08-22 13:17:11','2011-08-22 13:17:11'),(27,'Ready means you have important onsite electronic documents/recordings stored in multiple safe offsite places.','technology',27,'2011-08-22 13:17:11','2011-08-22 13:17:11'),(28,'Ready means you have taken steps to keep your email server and website secure from cyber-attacks and hacking.','technology',28,'2011-08-22 13:17:11','2011-08-22 13:17:11'),(29,'Ready means you have designated a place on the organization\'s website where crisis communications would be posted, and assigned responsibility for authoring/posting information.','technology',29,'2011-08-22 13:17:11','2011-08-22 13:17:11'),(30,'Ready means that more than one person can install or re-install software and operating systems/drivers onto your organization\'s computers in case one or more of the computers experiences a loss or glitch.','technology',30,'2011-08-22 13:17:11','2011-08-22 13:17:11'),(31,'Ready means your productions are documented sufficiently that, if one or more of your key people were suddenly absent, the show could still go on.','productions',31,'2011-08-22 13:17:11','2011-08-22 13:17:11'),(32,'Ready means you keep your current production schedule in such a way that it can be accessed, no matter what happens.','productions',32,'2011-08-22 13:17:11','2011-08-22 13:17:11'),(33,'Ready means your current contracts with artists and vendors are stored in a way that they can be accessed, no matter what happens.','productions',33,'2011-08-22 13:17:11','2011-08-22 13:17:11'),(34,'Ready means you have documented policies in place so that if one of your productions had to be suddenly delayed or cancelled, your staff can successfully negotiate the change.','productions',34,'2011-08-22 13:17:11','2011-08-22 13:17:11'),(35,'Ready means if you tour or perform offsite, you have plans in case something occurs offsite (transportation problems, medical issues, etc.).','productions',35,'2011-08-22 13:17:11','2011-08-22 13:17:11'),(36,'Ready means your phones have call forwarding so that you can receive calls at another location.','ticketing',36,'2011-08-22 13:17:11','2011-08-22 13:17:11'),(37,'Ready means you keep your current events calendar in such a way that it can be altered for the public and internally, no matter what happens.','ticketing',37,'2011-08-22 13:17:11','2011-08-22 13:17:11'),(38,'Ready means you have a plan for how to sell tickets in the event that your current box office system fails.','ticketing',38,'2011-08-22 13:17:11','2011-08-22 13:17:11'),(39,'Ready means your ticket refund policy is documented in such a way that audience members, employees and volunteers can easily understand it if an event changes/is cancelled.','ticketing',39,'2011-08-22 13:17:11','2011-08-22 13:17:11'),(40,'Ready means you have a current evacuation plan documented and posted.','facilities',40,'2011-08-22 13:17:11','2011-08-22 13:17:11'),(41,'Ready means volunteers and employees are trained/refreshed in evacuation procedures regularly.','facilities',41,'2011-08-22 13:17:11','2011-08-22 13:17:11'),(42,'Ready means you have a facility preparation plan, and staff training, to protect and mitigate damage to your facility and assets in the event you have warning time before an event occurs.','facilities',42,'2011-08-22 13:17:11','2011-08-22 13:17:11'),(43,'Ready means your most valuable assets (artwork, equipment, costumes/inventory) are stored in such a way as to minimize theft and damage.','facilities',43,'2011-08-22 13:17:11','2011-08-22 13:17:11'),(44,'Ready means your facilities have up-to-date emergency/safety equipment.','facilities',44,'2011-08-22 13:17:11','2011-08-22 13:17:11'),(45,'Ready means you have tested and updated your building alarms (security, fire, smoke, etc.) in the last six months.','facilities',45,'2011-08-22 13:17:11','2011-08-22 13:17:11'),(46,'Ready means your local police and fire departments have toured your facilities recently and advised on security and fire protection.','facilities',46,'2011-08-22 13:17:11','2011-08-22 13:17:11'),(47,'Ready means a trusted employee or volunteer living close to your facility has copies of keys and alarm codes and is authorized to respond to emergency services.','facilities',47,'2011-08-22 13:17:11','2011-08-22 13:17:11'),(48,'Ready means if you rent or receive donated space, your landlord has current information on who in your organization to contact in case of emergency.','facilities',48,'2011-08-22 13:17:11','2011-08-22 13:17:11'),(49,'Ready means you have a \'crisis kit\' or cache of emergency supplies in your facility.','facilities',49,'2011-08-22 13:17:11','2011-08-22 13:17:11'),(50,'Ready means your facility has a functional emergency generator.','facilities',50,'2011-08-22 13:17:11','2011-08-22 13:17:11'),(51,'Ready means you have up to date agreements in place with a few Battle Buddies who can provide alternate facilities if yours becomes unavailable','facilities',51,'2011-08-22 13:17:11','2011-08-22 13:17:11'),(52,'Ready means your programming is documented sufficiently so that, if one or more of your key people were suddenly absent, programming could still take place.','programs',52,'2011-08-22 13:17:11','2011-08-22 13:17:11'),(53,'Ready means you have a list of alternate suppliers/vendors to work with if your usual ones are not available.','programs',53,'2011-08-22 13:17:11','2011-08-22 13:17:11'),(54,'Ready means you have a planned process for making decisions about program budget cuts and alterations should they occur.','programs',54,'2011-08-22 13:17:11','2011-08-22 13:17:11'),(55,'Ready means you know how you would quickly communicate with the participants in your program(s) if you needed to.','programs',55,'2011-08-22 13:17:12','2011-08-22 13:17:12'),(56,'Ready means your documents and records pertaining to grants are adequately backed-up on a frequent basis.','grantmaking',56,'2011-08-22 13:17:12','2011-08-22 13:17:12'),(57,'Ready means more than one person on your staff knows how to facilitate your grant application process, use your grantmaking database, or access your grantmaking files.','grantmaking',57,'2011-08-22 13:17:12','2011-08-22 13:17:12'),(58,'Ready means you have an adequate number of signatories authorized to award funds (in case one or more is suddenly not available).','grantmaking',58,'2011-08-22 13:17:12','2011-08-22 13:17:12'),(59,'Ready means you have a process to ensure grants can be paid if your organization experiences an emergency.','grantmaking',59,'2011-08-22 13:17:12','2011-08-22 13:17:12'),(60,'Ready means you have a process to determine how you will support constituent organizations/individuals in the event your community is impacted by a crisis.','grantmaking',60,'2011-08-22 13:17:12','2011-08-22 13:17:12'),(61,'Ready means if your grants are awarded with pass-through funds and require your organization to provide reports to another funder, more than one person on staff knows your deadlines and the process for reporting your grantmaking activities.','grantmaking',61,'2011-08-22 13:17:12','2011-08-22 13:17:12'),(62,'Ready means you have a plan for handling any changes to grant awards and communicating to grantees, if your budget were to decrease significantly and your grantmaking activities were jeopardized.','grantmaking',62,'2011-08-22 13:17:12','2011-08-22 13:17:12'),(63,'Ready means your preparation for exhibits and the exhibit schedule (for either in-house or touring exhibits) is documented sufficiently that, if one or more of your key people were suddenly absent, the preparation could continue and the documents can be accessed off site','exhibits',63,'2011-08-22 13:17:12','2011-08-22 13:17:12'),(64,'Ready means you have a plan for accessing installation/de-installation materials should your organization\'s own tools become suddenly unavailable','exhibits',64,'2011-08-22 13:17:12','2011-08-22 13:17:12'),(65,'Ready means your current contracts/loan agreements with artists, organizations, contractors and vendors and their contact information are kept in such a way that they can be accessed, no matter what happens.','exhibits',65,'2011-08-22 13:17:12','2011-08-22 13:17:12'),(66,'Ready means you have documented policies in place so that if one of your exhibits had to be suddenly delayed or cancelled, your staff can successfully negotiate the delay/cancellation.','exhibits',66,'2011-08-22 13:17:12','2011-08-22 13:17:12'),(67,'Ready means if you loan or rent your exhibits, you have plans in case something occurs offsite (transportation problems, damage documentation, ensuring adequate insurance coverage, etc.).','exhibits',67,'2011-08-22 13:17:12','2011-08-22 13:17:12'),(68,'Ready means you have the objects in your exhibit adequately documented/photographed upon installation in case they incur damage or get lost while in your care.','exhibits',68,'2011-08-22 13:17:12','2011-08-22 13:17:12'),(69,'Ready means the value of the objects in the current exhibit has been accessed, documented, and could be easily obtained offsite.','exhibits',69,'2011-08-22 13:17:12','2011-08-22 13:17:12'),(70,'Ready means insurance is immediately updated upon the installation of a new exhibit or when a new object is acquired and multiple people can access records offsite.','exhibits',70,'2011-08-22 13:17:12','2011-08-22 13:17:12'),(71,'Ready means back up personnel understand the sensitivity and can handle the objects on display should the regular art handler become unavailable.','exhibits',71,'2011-08-22 13:17:12','2011-08-22 13:17:12'),(72,'Ready means you have an adequate (environmentally sensitive) back up site for emergency storage and clear instructions for their transport should your facility need to be evacuated of objects.','exhibits',72,'2011-08-22 13:17:12','2011-08-22 13:17:12');
/*!40000 ALTER TABLE `questions` ENABLE KEYS */;
UNLOCK TABLES;

--
-- Table structure for table `resources`
--

DROP TABLE IF EXISTS `resources`;
/*!40101 SET @saved_cs_client     = @@character_set_client */;
/*!40101 SET character_set_client = utf8 */;
CREATE TABLE `resources` (
  `id` int(11) NOT NULL AUTO_INCREMENT,
  `name` varchar(255) COLLATE utf8_unicode_ci DEFAULT NULL,
  `details` varchar(255) COLLATE utf8_unicode_ci DEFAULT NULL,
  `organization_id` int(11) DEFAULT NULL,
  `created_at` datetime DEFAULT NULL,
  `updated_at` datetime DEFAULT NULL,
  PRIMARY KEY (`id`),
  KEY `index_resources_on_organization_id` (`organization_id`)
) ENGINE=InnoDB AUTO_INCREMENT=11 DEFAULT CHARSET=utf8 COLLATE=utf8_unicode_ci;
/*!40101 SET character_set_client = @saved_cs_client */;

--
-- Dumping data for table `resources`
--

LOCK TABLES `resources` WRITE;
/*!40000 ALTER TABLE `resources` DISABLE KEYS */;
INSERT INTO `resources` VALUES (1,'TEST Rehearsal Studios','Sprung floor rehearsal studios at 455 Franklin Street.',7,'2011-08-24 05:06:29','2011-08-24 05:16:30'),(2,'TEST Technology Support','Phone support for technology issues from IT organization.',7,'2011-08-24 05:09:27','2011-08-24 05:16:44'),(3,'TEST Warehouse Space','Limited temporary storage space for sets, costumes or documents.',7,'2011-08-24 05:10:28','2011-08-24 05:17:10'),(4,'Potential performance/rehearsal space','Depending on scheduling, the Ferst Center may be able to offer reduced rate performance or rehearsal space.',8,'2011-08-24 14:20:34','2011-08-24 14:20:34'),(5,'Facilities','Able to provide certain facilities for rehearsals, performances or other technical needs, subject to availability.',6,'2011-08-24 14:39:35','2011-08-24 14:40:08'),(6,'Human Resources','Able to provide administrative and/or technical assistance. ',6,'2011-08-24 14:41:34','2011-08-24 14:41:34'),(7,'Phone Tree','Able to call out for Buddy if phone access not available',9,'2011-08-24 17:22:00','2011-08-24 17:22:00'),(8,'Office Space','Office space with phone and computer access.',9,'2011-08-24 17:22:46','2011-08-24 17:22:46'),(9,'Consultation','Share experience with past crises that are similar',9,'2011-08-24 17:23:32','2011-08-24 17:23:32'),(10,'ArtsReady Expertise','As the program founders and administrators, we can help you with the ArtsReady platform.',1,'2011-08-24 18:38:07','2011-08-25 02:09:13');
/*!40000 ALTER TABLE `resources` ENABLE KEYS */;
UNLOCK TABLES;

--
-- Table structure for table `schema_migrations`
--

DROP TABLE IF EXISTS `schema_migrations`;
/*!40101 SET @saved_cs_client     = @@character_set_client */;
/*!40101 SET character_set_client = utf8 */;
CREATE TABLE `schema_migrations` (
  `version` varchar(255) COLLATE utf8_unicode_ci NOT NULL,
  UNIQUE KEY `unique_schema_migrations` (`version`)
) ENGINE=InnoDB DEFAULT CHARSET=utf8 COLLATE=utf8_unicode_ci;
/*!40101 SET character_set_client = @saved_cs_client */;

--
-- Dumping data for table `schema_migrations`
--

LOCK TABLES `schema_migrations` WRITE;
/*!40000 ALTER TABLE `schema_migrations` DISABLE KEYS */;
INSERT INTO `schema_migrations` VALUES ('20110601161713'),('20110606094827'),('20110606194300'),('20110608014445'),('20110609101453'),('20110609153644'),('20110610154153'),('20110612132725'),('20110612152620'),('20110616151008'),('20110616154820'),('20110621142922'),('20110621174432'),('20110621185010'),('20110622185904'),('20110622205025'),('20110623145241'),('20110702134555'),('20110705140732'),('20110707181213'),('20110712101452'),('20110713132204'),('20110713133616'),('20110714154712'),('20110714181246'),('20110715155651'),('20110715203657'),('20110719180048'),('20110720183804'),('20110721190407'),('20110721193608'),('20110726194815'),('20110728213551'),('20110729142456'),('20110801150152'),('20110804215409'),('20110804223312'),('20110810145558'),('20110817202321'),('20110818000908'),('20110819144711'),('20110819155929'),('20110820171836'),('20110821155757'),('20110823201845'),('20110824013413'),('20110825015115'),('20110826174849'),('20110830124700');
/*!40000 ALTER TABLE `schema_migrations` ENABLE KEYS */;
UNLOCK TABLES;

--
-- Table structure for table `taggings`
--

DROP TABLE IF EXISTS `taggings`;
/*!40101 SET @saved_cs_client     = @@character_set_client */;
/*!40101 SET character_set_client = utf8 */;
CREATE TABLE `taggings` (
  `id` int(11) NOT NULL AUTO_INCREMENT,
  `tag_id` int(11) DEFAULT NULL,
  `taggable_id` int(11) DEFAULT NULL,
  `taggable_type` varchar(255) COLLATE utf8_unicode_ci DEFAULT NULL,
  `tagger_id` int(11) DEFAULT NULL,
  `tagger_type` varchar(255) COLLATE utf8_unicode_ci DEFAULT NULL,
  `context` varchar(255) COLLATE utf8_unicode_ci DEFAULT NULL,
  `created_at` datetime DEFAULT NULL,
  PRIMARY KEY (`id`),
  KEY `index_taggings_on_tag_id` (`tag_id`),
  KEY `index_taggings_on_taggable_id_and_taggable_type_and_context` (`taggable_id`,`taggable_type`,`context`)
) ENGINE=InnoDB AUTO_INCREMENT=259 DEFAULT CHARSET=utf8 COLLATE=utf8_unicode_ci;
/*!40101 SET character_set_client = @saved_cs_client */;

--
-- Dumping data for table `taggings`
--

LOCK TABLES `taggings` WRITE;
/*!40000 ALTER TABLE `taggings` DISABLE KEYS */;
INSERT INTO `taggings` VALUES (1,1,3,'Article',NULL,NULL,'tags','2011-08-24 05:00:21'),(2,2,4,'Article',NULL,NULL,'tags','2011-08-24 18:44:19'),(3,3,5,'Article',NULL,NULL,'tags','2011-08-24 18:48:02'),(4,4,5,'Article',NULL,NULL,'tags','2011-08-24 18:48:02'),(5,5,5,'Article',NULL,NULL,'tags','2011-08-24 18:48:02'),(6,2,6,'Article',NULL,NULL,'tags','2011-08-24 18:51:59'),(7,3,7,'Article',NULL,NULL,'tags','2011-08-24 19:08:47'),(8,6,7,'Article',NULL,NULL,'tags','2011-08-24 19:08:47'),(9,7,7,'Article',NULL,NULL,'tags','2011-08-24 19:08:47'),(10,8,8,'Article',NULL,NULL,'tags','2011-08-24 19:34:34'),(11,7,8,'Article',NULL,NULL,'tags','2011-08-24 19:47:42'),(12,9,8,'Article',NULL,NULL,'tags','2011-08-24 19:47:42'),(13,6,10,'Article',NULL,NULL,'tags','2011-08-24 19:53:05'),(14,7,10,'Article',NULL,NULL,'tags','2011-08-24 19:53:05'),(15,10,10,'Article',NULL,NULL,'tags','2011-08-24 19:53:05'),(16,7,11,'Article',NULL,NULL,'tags','2011-08-24 19:56:51'),(17,11,11,'Article',NULL,NULL,'tags','2011-08-24 19:56:51'),(18,12,11,'Article',NULL,NULL,'tags','2011-08-24 19:56:51'),(19,6,12,'Article',NULL,NULL,'tags','2011-08-24 20:00:36'),(20,10,12,'Article',NULL,NULL,'tags','2011-08-24 20:00:36'),(21,11,12,'Article',NULL,NULL,'tags','2011-08-24 20:00:36'),(22,13,12,'Article',NULL,NULL,'tags','2011-08-24 20:00:36'),(23,14,13,'Article',NULL,NULL,'tags','2011-08-24 20:25:36'),(24,15,13,'Article',NULL,NULL,'tags','2011-08-24 20:25:36'),(25,16,14,'Article',NULL,NULL,'tags','2011-08-24 20:28:32'),(26,17,15,'Article',NULL,NULL,'tags','2011-08-24 20:32:11'),(27,18,15,'Article',NULL,NULL,'tags','2011-08-24 20:32:11'),(28,19,15,'Article',NULL,NULL,'tags','2011-08-24 20:32:11'),(29,16,16,'Article',NULL,NULL,'tags','2011-08-24 20:35:27'),(30,20,16,'Article',NULL,NULL,'tags','2011-08-24 20:35:27'),(31,21,16,'Article',NULL,NULL,'tags','2011-08-24 20:35:27'),(32,11,17,'Article',NULL,NULL,'tags','2011-08-24 20:39:26'),(33,13,17,'Article',NULL,NULL,'tags','2011-08-24 20:39:26'),(34,22,17,'Article',NULL,NULL,'tags','2011-08-24 20:39:26'),(35,23,17,'Article',NULL,NULL,'tags','2011-08-24 20:39:26'),(36,24,17,'Article',NULL,NULL,'tags','2011-08-24 20:39:26'),(37,25,19,'Article',NULL,NULL,'tags','2011-08-30 16:30:44'),(38,26,20,'Article',NULL,NULL,'tags','2011-08-31 14:39:19'),(39,27,20,'Article',NULL,NULL,'tags','2011-08-31 14:39:19'),(40,28,20,'Article',NULL,NULL,'tags','2011-08-31 14:39:19'),(41,29,20,'Article',NULL,NULL,'tags','2011-08-31 14:39:19'),(42,26,21,'Article',NULL,NULL,'tags','2011-08-31 14:42:29'),(43,29,21,'Article',NULL,NULL,'tags','2011-08-31 14:42:29'),(44,30,21,'Article',NULL,NULL,'tags','2011-08-31 14:42:29'),(45,26,23,'Article',NULL,NULL,'tags','2011-08-31 14:49:09'),(46,31,23,'Article',NULL,NULL,'tags','2011-08-31 14:49:09'),(47,32,23,'Article',NULL,NULL,'tags','2011-08-31 14:49:09'),(48,33,23,'Article',NULL,NULL,'tags','2011-08-31 14:49:09'),(49,34,1,'Article',NULL,NULL,'tags','2011-08-31 15:03:37'),(50,35,1,'Article',NULL,NULL,'tags','2011-08-31 15:03:37'),(51,36,1,'Article',NULL,NULL,'tags','2011-08-31 15:03:37'),(52,37,1,'Article',NULL,NULL,'tags','2011-08-31 15:03:37'),(53,38,1,'Article',NULL,NULL,'tags','2011-08-31 15:03:37'),(54,34,24,'Article',NULL,NULL,'tags','2011-08-31 15:08:36'),(55,39,24,'Article',NULL,NULL,'tags','2011-08-31 15:08:36'),(56,40,24,'Article',NULL,NULL,'tags','2011-08-31 15:08:36'),(57,41,24,'Article',NULL,NULL,'tags','2011-08-31 15:08:36'),(58,42,24,'Article',NULL,NULL,'tags','2011-08-31 15:08:36'),(59,43,24,'Article',NULL,NULL,'tags','2011-08-31 15:08:36'),(60,32,25,'Article',NULL,NULL,'tags','2011-08-31 15:17:45'),(61,39,25,'Article',NULL,NULL,'tags','2011-08-31 15:17:45'),(62,44,25,'Article',NULL,NULL,'tags','2011-08-31 15:17:45'),(63,45,25,'Article',NULL,NULL,'tags','2011-08-31 15:17:45'),(64,46,25,'Article',NULL,NULL,'tags','2011-08-31 15:17:45'),(65,26,26,'Article',NULL,NULL,'tags','2011-08-31 16:06:53'),(66,32,26,'Article',NULL,NULL,'tags','2011-08-31 16:06:53'),(67,39,26,'Article',NULL,NULL,'tags','2011-08-31 16:06:53'),(68,44,26,'Article',NULL,NULL,'tags','2011-08-31 16:06:53'),(69,47,26,'Article',NULL,NULL,'tags','2011-08-31 16:06:53'),(70,34,27,'Article',NULL,NULL,'tags','2011-08-31 16:10:26'),(71,39,27,'Article',NULL,NULL,'tags','2011-08-31 16:10:26'),(72,44,27,'Article',NULL,NULL,'tags','2011-08-31 16:10:26'),(73,48,27,'Article',NULL,NULL,'tags','2011-08-31 16:10:26'),(74,49,27,'Article',NULL,NULL,'tags','2011-08-31 16:10:26'),(75,34,28,'Article',NULL,NULL,'tags','2011-08-31 16:21:28'),(76,50,28,'Article',NULL,NULL,'tags','2011-08-31 16:21:28'),(77,51,28,'Article',NULL,NULL,'tags','2011-08-31 16:21:28'),(78,34,29,'Article',NULL,NULL,'tags','2011-08-31 16:24:34'),(79,35,29,'Article',NULL,NULL,'tags','2011-08-31 16:24:34'),(80,36,29,'Article',NULL,NULL,'tags','2011-08-31 16:24:34'),(81,37,29,'Article',NULL,NULL,'tags','2011-08-31 16:24:34'),(82,38,29,'Article',NULL,NULL,'tags','2011-08-31 16:24:34'),(83,26,30,'Article',NULL,NULL,'tags','2011-08-31 16:27:16'),(84,34,30,'Article',NULL,NULL,'tags','2011-08-31 16:27:16'),(85,47,30,'Article',NULL,NULL,'tags','2011-08-31 16:27:16'),(86,52,30,'Article',NULL,NULL,'tags','2011-08-31 16:27:16'),(87,34,31,'Article',NULL,NULL,'tags','2011-08-31 16:33:48'),(88,37,31,'Article',NULL,NULL,'tags','2011-08-31 16:33:48'),(89,51,31,'Article',NULL,NULL,'tags','2011-08-31 16:33:48'),(90,34,32,'Article',NULL,NULL,'tags','2011-08-31 16:38:42'),(91,39,32,'Article',NULL,NULL,'tags','2011-08-31 16:38:42'),(92,44,32,'Article',NULL,NULL,'tags','2011-08-31 16:38:42'),(93,48,32,'Article',NULL,NULL,'tags','2011-08-31 16:38:43'),(94,53,32,'Article',NULL,NULL,'tags','2011-08-31 16:38:43'),(95,34,33,'Article',NULL,NULL,'tags','2011-08-31 16:42:25'),(96,39,33,'Article',NULL,NULL,'tags','2011-08-31 16:42:25'),(97,44,33,'Article',NULL,NULL,'tags','2011-08-31 16:42:25'),(98,53,33,'Article',NULL,NULL,'tags','2011-08-31 16:42:25'),(99,54,33,'Article',NULL,NULL,'tags','2011-08-31 16:42:25'),(100,55,33,'Article',NULL,NULL,'tags','2011-08-31 16:42:25'),(101,34,34,'Article',NULL,NULL,'tags','2011-08-31 16:44:52'),(102,39,34,'Article',NULL,NULL,'tags','2011-08-31 16:44:52'),(103,44,34,'Article',NULL,NULL,'tags','2011-08-31 16:44:52'),(104,53,34,'Article',NULL,NULL,'tags','2011-08-31 16:44:52'),(105,54,34,'Article',NULL,NULL,'tags','2011-08-31 16:44:52'),(106,55,34,'Article',NULL,NULL,'tags','2011-08-31 16:44:52'),(107,56,35,'Article',NULL,NULL,'tags','2011-08-31 19:00:46'),(108,57,35,'Article',NULL,NULL,'tags','2011-08-31 19:00:46'),(109,58,35,'Article',NULL,NULL,'tags','2011-08-31 19:00:46'),(110,59,35,'Article',NULL,NULL,'tags','2011-08-31 19:00:46'),(111,34,36,'Article',NULL,NULL,'tags','2011-08-31 19:06:57'),(112,56,36,'Article',NULL,NULL,'tags','2011-08-31 19:06:57'),(113,57,36,'Article',NULL,NULL,'tags','2011-08-31 19:06:57'),(114,58,36,'Article',NULL,NULL,'tags','2011-08-31 19:06:57'),(115,60,36,'Article',NULL,NULL,'tags','2011-08-31 19:06:57'),(116,26,37,'Article',NULL,NULL,'tags','2011-08-31 19:21:29'),(117,55,37,'Article',NULL,NULL,'tags','2011-08-31 19:21:29'),(118,58,37,'Article',NULL,NULL,'tags','2011-08-31 19:21:29'),(119,61,37,'Article',NULL,NULL,'tags','2011-08-31 19:21:29'),(120,62,37,'Article',NULL,NULL,'tags','2011-08-31 19:21:29'),(121,26,38,'Article',NULL,NULL,'tags','2011-08-31 19:51:10'),(122,55,38,'Article',NULL,NULL,'tags','2011-08-31 19:51:10'),(123,58,38,'Article',NULL,NULL,'tags','2011-08-31 19:51:10'),(124,61,38,'Article',NULL,NULL,'tags','2011-08-31 19:51:10'),(125,62,38,'Article',NULL,NULL,'tags','2011-08-31 19:51:10'),(126,34,39,'Article',NULL,NULL,'tags','2011-08-31 20:10:53'),(127,39,39,'Article',NULL,NULL,'tags','2011-08-31 20:10:53'),(128,58,39,'Article',NULL,NULL,'tags','2011-08-31 20:10:53'),(129,63,39,'Article',NULL,NULL,'tags','2011-08-31 20:10:53'),(130,11,40,'Article',NULL,NULL,'tags','2011-08-31 20:17:58'),(131,63,40,'Article',NULL,NULL,'tags','2011-08-31 20:17:58'),(132,64,40,'Article',NULL,NULL,'tags','2011-08-31 20:17:58'),(133,65,40,'Article',NULL,NULL,'tags','2011-08-31 20:17:58'),(134,66,40,'Article',NULL,NULL,'tags','2011-08-31 20:17:58'),(135,11,41,'Article',NULL,NULL,'tags','2011-08-31 20:22:51'),(136,24,41,'Article',NULL,NULL,'tags','2011-08-31 20:22:51'),(137,63,41,'Article',NULL,NULL,'tags','2011-08-31 20:22:51'),(138,64,41,'Article',NULL,NULL,'tags','2011-08-31 20:22:51'),(139,66,41,'Article',NULL,NULL,'tags','2011-08-31 20:22:51'),(140,11,42,'Article',NULL,NULL,'tags','2011-08-31 20:26:37'),(141,63,42,'Article',NULL,NULL,'tags','2011-08-31 20:26:37'),(142,64,42,'Article',NULL,NULL,'tags','2011-08-31 20:26:37'),(143,65,42,'Article',NULL,NULL,'tags','2011-08-31 20:26:37'),(144,66,42,'Article',NULL,NULL,'tags','2011-08-31 20:26:37'),(145,58,43,'Article',NULL,NULL,'tags','2011-08-31 20:31:32'),(146,67,43,'Article',NULL,NULL,'tags','2011-08-31 20:31:32'),(147,68,43,'Article',NULL,NULL,'tags','2011-08-31 20:31:32'),(148,69,43,'Article',NULL,NULL,'tags','2011-08-31 20:31:32'),(149,3,44,'Article',NULL,NULL,'tags','2011-08-31 20:35:39'),(150,43,44,'Article',NULL,NULL,'tags','2011-08-31 20:35:39'),(151,70,44,'Article',NULL,NULL,'tags','2011-08-31 20:35:39'),(152,71,44,'Article',NULL,NULL,'tags','2011-08-31 20:35:39'),(153,3,45,'Article',NULL,NULL,'tags','2011-08-31 20:38:58'),(154,43,45,'Article',NULL,NULL,'tags','2011-08-31 20:38:58'),(155,70,45,'Article',NULL,NULL,'tags','2011-08-31 20:38:58'),(156,72,45,'Article',NULL,NULL,'tags','2011-08-31 20:38:58'),(157,73,45,'Article',NULL,NULL,'tags','2011-08-31 20:38:58'),(161,69,2,'Article',NULL,NULL,'tags','2011-09-02 17:47:38'),(162,74,2,'Article',NULL,NULL,'tags','2011-09-02 17:47:38'),(163,75,2,'Article',NULL,NULL,'tags','2011-09-02 17:47:38'),(164,32,47,'Article',NULL,NULL,'tags','2011-09-02 17:50:42'),(165,69,47,'Article',NULL,NULL,'tags','2011-09-02 17:50:42'),(166,76,47,'Article',NULL,NULL,'tags','2011-09-02 17:50:43'),(167,77,47,'Article',NULL,NULL,'tags','2011-09-02 17:50:43'),(168,78,47,'Article',NULL,NULL,'tags','2011-09-02 17:50:43'),(169,79,47,'Article',NULL,NULL,'tags','2011-09-02 17:50:43'),(170,80,47,'Article',NULL,NULL,'tags','2011-09-02 17:50:43'),(171,69,48,'Article',NULL,NULL,'tags','2011-09-02 17:54:04'),(172,75,48,'Article',NULL,NULL,'tags','2011-09-02 17:54:04'),(173,81,48,'Article',NULL,NULL,'tags','2011-09-02 17:54:04'),(174,82,48,'Article',NULL,NULL,'tags','2011-09-02 17:54:04'),(175,83,48,'Article',NULL,NULL,'tags','2011-09-02 17:54:04'),(176,84,49,'Article',NULL,NULL,'tags','2011-09-02 17:55:23'),(177,85,49,'Article',NULL,NULL,'tags','2011-09-02 17:55:23'),(178,86,49,'Article',NULL,NULL,'tags','2011-09-02 17:55:23'),(179,87,49,'Article',NULL,NULL,'tags','2011-09-02 17:55:23'),(180,86,50,'Article',NULL,NULL,'tags','2011-09-02 17:56:56'),(181,87,50,'Article',NULL,NULL,'tags','2011-09-02 17:56:56'),(182,88,50,'Article',NULL,NULL,'tags','2011-09-02 17:56:56'),(183,89,50,'Article',NULL,NULL,'tags','2011-09-02 17:56:56'),(184,90,50,'Article',NULL,NULL,'tags','2011-09-02 17:56:56'),(185,91,51,'Article',NULL,NULL,'tags','2011-09-02 17:59:44'),(186,92,51,'Article',NULL,NULL,'tags','2011-09-02 17:59:44'),(187,93,51,'Article',NULL,NULL,'tags','2011-09-02 17:59:44'),(188,94,51,'Article',NULL,NULL,'tags','2011-09-02 17:59:44'),(189,95,51,'Article',NULL,NULL,'tags','2011-09-02 17:59:44'),(190,69,52,'Article',NULL,NULL,'tags','2011-09-02 18:01:28'),(191,96,52,'Article',NULL,NULL,'tags','2011-09-02 18:01:28'),(192,97,52,'Article',NULL,NULL,'tags','2011-09-02 18:01:28'),(193,98,52,'Article',NULL,NULL,'tags','2011-09-02 18:01:28'),(194,68,53,'Article',NULL,NULL,'tags','2011-09-02 18:02:48'),(195,69,53,'Article',NULL,NULL,'tags','2011-09-02 18:02:48'),(196,97,53,'Article',NULL,NULL,'tags','2011-09-02 18:02:48'),(197,99,53,'Article',NULL,NULL,'tags','2011-09-02 18:02:48'),(198,75,54,'Article',NULL,NULL,'tags','2011-09-02 18:04:49'),(199,100,54,'Article',NULL,NULL,'tags','2011-09-02 18:04:49'),(200,101,54,'Article',NULL,NULL,'tags','2011-09-02 18:04:49'),(201,69,55,'Article',NULL,NULL,'tags','2011-09-02 18:06:04'),(202,99,55,'Article',NULL,NULL,'tags','2011-09-02 18:06:04'),(203,102,55,'Article',NULL,NULL,'tags','2011-09-02 18:06:04'),(204,103,55,'Article',NULL,NULL,'tags','2011-09-02 18:06:04'),(205,93,56,'Article',NULL,NULL,'tags','2011-09-02 18:09:47'),(206,104,56,'Article',NULL,NULL,'tags','2011-09-02 18:09:47'),(207,105,56,'Article',NULL,NULL,'tags','2011-09-02 18:09:47'),(208,106,56,'Article',NULL,NULL,'tags','2011-09-02 18:09:47'),(209,69,57,'Article',NULL,NULL,'tags','2011-09-02 18:25:07'),(210,91,57,'Article',NULL,NULL,'tags','2011-09-02 18:25:07'),(211,107,57,'Article',NULL,NULL,'tags','2011-09-02 18:25:07'),(212,108,57,'Article',NULL,NULL,'tags','2011-09-02 18:25:07'),(213,109,58,'Article',NULL,NULL,'tags','2011-09-12 17:39:24'),(214,110,60,'Article',NULL,NULL,'tags','2011-09-12 17:50:55'),(215,5,62,'Article',NULL,NULL,'tags','2011-09-13 15:38:02'),(216,111,62,'Article',NULL,NULL,'tags','2011-09-13 15:38:02'),(217,112,62,'Article',NULL,NULL,'tags','2011-09-13 15:38:02'),(218,27,63,'Article',NULL,NULL,'tags','2011-09-13 16:41:33'),(219,28,63,'Article',NULL,NULL,'tags','2011-09-13 16:41:33'),(220,71,63,'Article',NULL,NULL,'tags','2011-09-13 16:41:33'),(221,113,64,'Article',NULL,NULL,'tags','2011-09-14 01:10:57'),(222,114,64,'Article',NULL,NULL,'tags','2011-09-14 01:10:57'),(223,115,64,'Article',NULL,NULL,'tags','2011-09-14 01:10:57'),(224,116,64,'Article',NULL,NULL,'tags','2011-09-14 01:10:57'),(225,113,65,'Article',NULL,NULL,'tags','2011-09-14 01:11:01'),(226,114,65,'Article',NULL,NULL,'tags','2011-09-14 01:11:01'),(227,115,65,'Article',NULL,NULL,'tags','2011-09-14 01:11:01'),(228,116,65,'Article',NULL,NULL,'tags','2011-09-14 01:11:01'),(229,93,66,'Article',NULL,NULL,'tags','2011-09-14 01:23:19'),(230,113,66,'Article',NULL,NULL,'tags','2011-09-14 01:23:19'),(231,117,66,'Article',NULL,NULL,'tags','2011-09-14 01:23:19'),(232,118,66,'Article',NULL,NULL,'tags','2011-09-14 01:23:19'),(233,111,67,'Article',NULL,NULL,'tags','2011-09-14 01:31:36'),(234,113,67,'Article',NULL,NULL,'tags','2011-09-14 01:31:36'),(235,114,67,'Article',NULL,NULL,'tags','2011-09-14 01:31:36'),(236,115,67,'Article',NULL,NULL,'tags','2011-09-14 01:31:36'),(237,119,67,'Article',NULL,NULL,'tags','2011-09-14 01:31:36'),(238,120,67,'Article',NULL,NULL,'tags','2011-09-14 01:31:36'),(239,121,67,'Article',NULL,NULL,'tags','2011-09-14 01:31:36'),(240,122,67,'Article',NULL,NULL,'tags','2011-09-14 01:31:36'),(241,113,68,'Article',NULL,NULL,'tags','2011-09-14 01:37:27'),(242,119,68,'Article',NULL,NULL,'tags','2011-09-14 01:37:27'),(243,122,68,'Article',NULL,NULL,'tags','2011-09-14 01:37:27'),(244,123,68,'Article',NULL,NULL,'tags','2011-09-14 01:37:27'),(245,124,68,'Article',NULL,NULL,'tags','2011-09-14 01:37:27'),(246,113,69,'Article',NULL,NULL,'tags','2011-09-14 01:50:11'),(247,114,69,'Article',NULL,NULL,'tags','2011-09-14 01:50:11'),(248,125,69,'Article',NULL,NULL,'tags','2011-09-14 01:50:11'),(249,126,69,'Article',NULL,NULL,'tags','2011-09-14 01:50:11'),(250,127,69,'Article',NULL,NULL,'tags','2011-09-14 01:50:11'),(251,128,69,'Article',NULL,NULL,'tags','2011-09-14 01:50:11'),(252,113,70,'Article',NULL,NULL,'tags','2011-09-14 01:58:19'),(253,114,70,'Article',NULL,NULL,'tags','2011-09-14 01:58:19'),(254,129,70,'Article',NULL,NULL,'tags','2011-09-14 01:58:19'),(255,130,70,'Article',NULL,NULL,'tags','2011-09-14 01:58:19'),(256,131,70,'Article',NULL,NULL,'tags','2011-09-14 01:58:19'),(257,132,70,'Article',NULL,NULL,'tags','2011-09-14 01:58:19'),(258,133,70,'Article',NULL,NULL,'tags','2011-09-14 01:58:19');
/*!40000 ALTER TABLE `taggings` ENABLE KEYS */;
UNLOCK TABLES;

--
-- Table structure for table `tags`
--

DROP TABLE IF EXISTS `tags`;
/*!40101 SET @saved_cs_client     = @@character_set_client */;
/*!40101 SET character_set_client = utf8 */;
CREATE TABLE `tags` (
  `id` int(11) NOT NULL AUTO_INCREMENT,
  `name` varchar(255) COLLATE utf8_unicode_ci DEFAULT NULL,
  PRIMARY KEY (`id`)
) ENGINE=InnoDB AUTO_INCREMENT=134 DEFAULT CHARSET=utf8 COLLATE=utf8_unicode_ci;
/*!40101 SET character_set_client = @saved_cs_client */;

--
-- Dumping data for table `tags`
--

LOCK TABLES `tags` WRITE;
/*!40000 ALTER TABLE `tags` DISABLE KEYS */;
INSERT INTO `tags` VALUES (1,'Phone Call'),(2,'test'),(3,'supplies'),(4,'kits'),(5,'checklist'),(6,'exhibits'),(7,'artwork'),(8,'assessment'),(9,'heritage'),(10,'conservation'),(11,'collection'),(12,'facilities'),(13,'preservation'),(14,'emergency response'),(15,'community'),(16,'evacuation'),(17,'roof'),(18,'damage'),(19,'evaluation'),(20,'Proxy'),(21,'building'),(22,'documents'),(23,'archive'),(24,'paper'),(25,'na'),(26,'communication'),(27,'contact'),(28,'phone'),(29,'people'),(30,'press'),(31,'technology'),(32,'media'),(33,'social'),(34,'computer'),(35,'malware'),(36,'spyware'),(37,'virus'),(38,'removal'),(39,'backup'),(40,'serial'),(41,'form'),(42,'document'),(43,'inventory'),(44,'digital'),(45,'files'),(46,'records'),(47,'email'),(48,'software'),(49,'harddrive'),(50,'firewall'),(51,'protection'),(52,'spam'),(53,'hard drive'),(54,'remote'),(55,'data'),(56,'webinar'),(57,'basic'),(58,'readiness'),(59,'planning'),(60,'back up'),(61,'breach'),(62,'privacy'),(63,'recovery'),(64,'museum'),(65,'emergency'),(66,'response'),(67,'studio'),(68,'visual'),(69,'artist'),(70,'supply'),(71,'list'),(72,'vehicle'),(73,'equipment'),(74,'craft'),(75,'insurance'),(76,'film'),(77,'insurace'),(78,'filmmaker'),(79,'video'),(80,'new media'),(81,'musician'),(82,'music'),(83,'ensemble'),(84,'theater'),(85,'theatre'),(86,'perform'),(87,'company'),(88,'dane'),(89,'dancer'),(90,'dancers'),(91,'contingency'),(92,'operating'),(93,'budget'),(94,'reserve'),(95,'funding'),(96,'public'),(97,'art'),(98,'project'),(99,'independent'),(100,'organizations'),(101,'arts'),(102,'teaching'),(103,'individual'),(104,'financial'),(105,'disruption'),(106,'fund'),(107,'contratc'),(108,'preset'),(109,'board contacts'),(110,'stakeholder'),(111,'props'),(112,'costumes'),(113,'productions'),(114,'performances'),(115,'staff'),(116,'cast/crew'),(117,'budget tracking'),(118,'finance'),(119,'crew'),(120,'show run'),(121,'set'),(122,'tech'),(123,'sound'),(124,'stage management'),(125,'cancellation'),(126,'ticketing/messaging'),(127,'rescheduling'),(128,'policies. weather'),(129,'cancellations'),(130,'weather'),(131,'alternate performances'),(132,'alternate artists'),(133,'inclement weather');
/*!40000 ALTER TABLE `tags` ENABLE KEYS */;
UNLOCK TABLES;

--
-- Table structure for table `todo_notes`
--

DROP TABLE IF EXISTS `todo_notes`;
/*!40101 SET @saved_cs_client     = @@character_set_client */;
/*!40101 SET character_set_client = utf8 */;
CREATE TABLE `todo_notes` (
  `id` int(11) NOT NULL AUTO_INCREMENT,
  `todo_id` int(11) DEFAULT NULL,
  `user_id` int(11) DEFAULT NULL,
  `message` text COLLATE utf8_unicode_ci,
  `created_at` datetime DEFAULT NULL,
  `updated_at` datetime DEFAULT NULL,
  PRIMARY KEY (`id`),
  KEY `index_todo_notes_on_todo_id` (`todo_id`),
  KEY `index_todo_notes_on_user_id` (`user_id`)
) ENGINE=InnoDB AUTO_INCREMENT=107 DEFAULT CHARSET=utf8 COLLATE=utf8_unicode_ci;
/*!40101 SET character_set_client = @saved_cs_client */;

--
-- Dumping data for table `todo_notes`
--

LOCK TABLES `todo_notes` WRITE;
/*!40000 ALTER TABLE `todo_notes` DISABLE KEYS */;
INSERT INTO `todo_notes` VALUES (1,22,3,'Created','2011-09-11 18:45:45','2011-09-11 18:45:45'),(2,22,3,'This is my test note about the test item.','2011-09-11 19:13:45','2011-09-11 19:13:45'),(3,23,NULL,'Created','2011-09-12 16:28:08','2011-09-12 16:28:08'),(4,24,NULL,'Created','2011-09-12 16:28:20','2011-09-12 16:28:20'),(5,25,NULL,'Created','2011-09-12 16:28:51','2011-09-12 16:28:51'),(6,26,NULL,'Created','2011-09-12 16:29:26','2011-09-12 16:29:26'),(7,27,NULL,'Created','2011-09-12 16:29:40','2011-09-12 16:29:40'),(8,28,NULL,'Created','2011-09-12 16:29:51','2011-09-12 16:29:51'),(9,29,NULL,'Created','2011-09-12 16:29:51','2011-09-12 16:29:51'),(10,30,NULL,'Created','2011-09-12 16:30:06','2011-09-12 16:30:06'),(11,31,NULL,'Created','2011-09-12 16:30:18','2011-09-12 16:30:18'),(12,32,NULL,'Created','2011-09-12 16:30:39','2011-09-12 16:30:39'),(13,33,NULL,'Created','2011-09-12 16:30:53','2011-09-12 16:30:53'),(14,34,NULL,'Created','2011-09-12 16:31:02','2011-09-12 16:31:02'),(15,35,NULL,'Created','2011-09-12 16:31:32','2011-09-12 16:31:32'),(16,36,NULL,'Created','2011-09-12 16:31:44','2011-09-12 16:31:44'),(17,37,NULL,'Created','2011-09-12 16:31:56','2011-09-12 16:31:56'),(18,38,NULL,'Created','2011-09-12 16:32:06','2011-09-12 16:32:06'),(19,39,NULL,'Created','2011-09-12 16:32:14','2011-09-12 16:32:14'),(20,40,NULL,'Created','2011-09-12 16:32:22','2011-09-12 16:32:22'),(21,41,NULL,'Created','2011-09-12 16:32:29','2011-09-12 16:32:29'),(22,42,NULL,'Created','2011-09-12 16:32:47','2011-09-12 16:32:47'),(23,43,NULL,'Created','2011-09-12 16:33:07','2011-09-12 16:33:07'),(24,44,NULL,'Created','2011-09-12 16:33:22','2011-09-12 16:33:22'),(25,45,NULL,'Created','2011-09-12 16:33:48','2011-09-12 16:33:48'),(26,46,NULL,'Created','2011-09-12 16:33:55','2011-09-12 16:33:55'),(27,47,NULL,'Created','2011-09-12 16:34:11','2011-09-12 16:34:11'),(28,48,NULL,'Created','2011-09-12 16:34:21','2011-09-12 16:34:21'),(29,49,NULL,'Created','2011-09-12 16:34:36','2011-09-12 16:34:36'),(30,50,NULL,'Created','2011-09-12 16:34:44','2011-09-12 16:34:44'),(31,51,NULL,'Created','2011-09-12 16:35:17','2011-09-12 16:35:17'),(32,52,NULL,'Created','2011-09-12 17:08:56','2011-09-12 17:08:56'),(33,53,NULL,'Created','2011-09-12 17:09:28','2011-09-12 17:09:28'),(34,54,NULL,'Created','2011-09-12 17:09:43','2011-09-12 17:09:43'),(35,55,NULL,'Created','2011-09-12 17:10:04','2011-09-12 17:10:04'),(36,56,NULL,'Created','2011-09-12 17:10:04','2011-09-12 17:10:04'),(37,57,NULL,'Created','2011-09-12 17:10:16','2011-09-12 17:10:16'),(38,58,NULL,'Created','2011-09-12 17:10:42','2011-09-12 17:10:42'),(39,59,NULL,'Created','2011-09-12 17:11:06','2011-09-12 17:11:06'),(40,60,NULL,'Created','2011-09-12 17:11:07','2011-09-12 17:11:07'),(41,61,NULL,'Created','2011-09-12 17:11:07','2011-09-12 17:11:07'),(42,1,12,'Assigned to Jack Rogers','2011-09-12 17:15:21','2011-09-12 17:15:21'),(43,1,12,'completed in August of 2011','2011-09-12 17:15:37','2011-09-12 17:15:37'),(44,2,12,'completed in August of 2011','2011-09-12 17:16:07','2011-09-12 17:16:07'),(45,2,12,'Assigned to Jack Rogers','2011-09-12 17:16:23','2011-09-12 17:16:23'),(46,8,12,'Assigned to Dedra  Hemphill','2011-09-12 17:17:30','2011-09-12 17:17:30'),(47,8,12,'','2011-09-12 17:17:33','2011-09-12 17:17:33'),(48,11,12,'Assigned to Dedra  Hemphill','2011-09-12 17:31:21','2011-09-12 17:31:21'),(49,13,13,'Assigned to Aimee Hayes','2011-09-12 17:47:38','2011-09-12 17:47:38'),(50,14,13,'Assigned to Aimee Hayes','2011-09-12 17:49:05','2011-09-12 17:49:05'),(51,62,NULL,'Created','2011-09-13 13:37:59','2011-09-13 13:37:59'),(52,63,NULL,'Created','2011-09-13 15:16:17','2011-09-13 15:16:17'),(53,64,NULL,'Created','2011-09-13 15:16:30','2011-09-13 15:16:30'),(54,65,NULL,'Created','2011-09-13 15:16:37','2011-09-13 15:16:37'),(55,65,3,'Assigned to Naeemah Frazier','2011-09-13 15:26:16','2011-09-13 15:26:16'),(56,64,3,'Assigned to Mollie Lakin-Hayes','2011-09-13 15:28:30','2011-09-13 15:28:30'),(57,63,3,'Assigned to Patti French','2011-09-13 15:28:53','2011-09-13 15:28:53'),(58,63,3,'This is a new note related to this item.','2011-09-13 15:29:10','2011-09-13 15:29:10'),(59,66,NULL,'Created','2011-09-13 15:32:34','2011-09-13 15:32:34'),(60,67,NULL,'Created','2011-09-13 15:32:42','2011-09-13 15:32:42'),(61,68,NULL,'Created','2011-09-13 15:32:47','2011-09-13 15:32:47'),(62,69,NULL,'Created','2011-09-13 15:32:47','2011-09-13 15:32:47'),(63,70,NULL,'Created','2011-09-13 20:32:22','2011-09-13 20:32:22'),(64,71,NULL,'Created','2011-09-13 20:32:31','2011-09-13 20:32:31'),(65,72,NULL,'Created','2011-09-13 20:34:03','2011-09-13 20:34:03'),(66,73,NULL,'Created','2011-09-13 20:34:03','2011-09-13 20:34:03'),(67,74,NULL,'Created','2011-09-13 20:34:11','2011-09-13 20:34:11'),(68,75,NULL,'Created','2011-09-13 20:34:19','2011-09-13 20:34:19'),(69,76,NULL,'Created','2011-09-13 20:34:19','2011-09-13 20:34:19'),(70,77,NULL,'Created','2011-09-13 20:34:19','2011-09-13 20:34:19'),(71,78,NULL,'Created','2011-09-13 20:34:19','2011-09-13 20:34:19'),(72,79,NULL,'Created','2011-09-13 20:34:37','2011-09-13 20:34:37'),(73,80,NULL,'Created','2011-09-13 20:34:42','2011-09-13 20:34:42'),(74,81,NULL,'Created','2011-09-13 20:34:46','2011-09-13 20:34:46'),(75,82,NULL,'Created','2011-09-13 20:34:55','2011-09-13 20:34:55'),(76,83,NULL,'Created','2011-09-13 20:35:03','2011-09-13 20:35:03'),(77,84,NULL,'Created','2011-09-13 20:35:03','2011-09-13 20:35:03'),(78,85,NULL,'Created','2011-09-13 20:35:18','2011-09-13 20:35:18'),(79,86,NULL,'Created','2011-09-13 20:35:28','2011-09-13 20:35:28'),(80,87,NULL,'Created','2011-09-13 20:36:33','2011-09-13 20:36:33'),(81,88,NULL,'Created','2011-09-13 20:36:46','2011-09-13 20:36:46'),(82,89,NULL,'Created','2011-09-13 20:36:56','2011-09-13 20:36:56'),(83,90,NULL,'Created','2011-09-13 20:36:56','2011-09-13 20:36:56'),(84,91,NULL,'Created','2011-09-13 20:37:07','2011-09-13 20:37:07'),(85,92,NULL,'Created','2011-09-13 20:37:15','2011-09-13 20:37:15'),(86,93,NULL,'Created','2011-09-13 20:37:23','2011-09-13 20:37:23'),(87,94,NULL,'Created','2011-09-13 20:37:41','2011-09-13 20:37:41'),(88,95,NULL,'Created','2011-09-13 20:37:46','2011-09-13 20:37:46'),(89,96,NULL,'Created','2011-09-13 20:37:51','2011-09-13 20:37:51'),(90,97,NULL,'Created','2011-09-13 20:37:56','2011-09-13 20:37:56'),(91,98,NULL,'Created','2011-09-13 20:38:12','2011-09-13 20:38:12'),(92,99,NULL,'Created','2011-09-13 20:38:17','2011-09-13 20:38:17'),(93,100,NULL,'Created','2011-09-13 20:38:22','2011-09-13 20:38:22'),(94,101,NULL,'Created','2011-09-13 20:38:27','2011-09-13 20:38:27'),(95,102,NULL,'Created','2011-09-13 20:38:55','2011-09-13 20:38:55'),(96,103,NULL,'Created','2011-09-13 20:39:00','2011-09-13 20:39:00'),(97,104,NULL,'Created','2011-09-13 20:39:08','2011-09-13 20:39:08'),(98,105,NULL,'Created','2011-09-13 20:39:13','2011-09-13 20:39:13'),(99,106,NULL,'Created','2011-09-13 20:39:22','2011-09-13 20:39:22'),(100,107,NULL,'Created','2011-09-13 20:39:34','2011-09-13 20:39:34'),(101,108,NULL,'Created','2011-09-13 20:47:05','2011-09-13 20:47:05'),(102,109,NULL,'Created','2011-09-13 20:47:14','2011-09-13 20:47:14'),(103,110,NULL,'Created','2011-09-13 20:47:22','2011-09-13 20:47:22'),(104,111,NULL,'Created','2011-09-13 20:47:30','2011-09-13 20:47:30'),(105,112,NULL,'Created','2011-09-13 20:48:23','2011-09-13 20:48:23'),(106,113,NULL,'Created','2011-09-13 20:48:32','2011-09-13 20:48:32');
/*!40000 ALTER TABLE `todo_notes` ENABLE KEYS */;
UNLOCK TABLES;

--
-- Table structure for table `todos`
--

DROP TABLE IF EXISTS `todos`;
/*!40101 SET @saved_cs_client     = @@character_set_client */;
/*!40101 SET character_set_client = utf8 */;
CREATE TABLE `todos` (
  `id` int(11) NOT NULL AUTO_INCREMENT,
  `action_item_id` int(11) DEFAULT NULL,
  `answer_id` int(11) DEFAULT NULL,
  `organization_id` int(11) DEFAULT NULL,
  `due_on` date DEFAULT NULL,
  `user_id` int(11) DEFAULT NULL,
  `created_at` datetime DEFAULT NULL,
  `updated_at` datetime DEFAULT NULL,
  `description` varchar(255) COLLATE utf8_unicode_ci DEFAULT NULL,
  `priority` varchar(255) COLLATE utf8_unicode_ci DEFAULT NULL,
  `review_on` date DEFAULT NULL,
  `critical_function` varchar(255) COLLATE utf8_unicode_ci DEFAULT NULL,
  `complete` tinyint(1) NOT NULL DEFAULT '0',
  `status` varchar(255) COLLATE utf8_unicode_ci DEFAULT NULL,
  `last_user_id` int(11) DEFAULT NULL,
  PRIMARY KEY (`id`),
  KEY `index_todos_on_action_item_id` (`action_item_id`),
  KEY `index_todos_on_answer_id` (`answer_id`),
  KEY `index_todos_on_organization_id` (`organization_id`),
  KEY `index_todos_on_user_id` (`user_id`)
) ENGINE=InnoDB AUTO_INCREMENT=114 DEFAULT CHARSET=utf8 COLLATE=utf8_unicode_ci;
/*!40101 SET character_set_client = @saved_cs_client */;

--
-- Dumping data for table `todos`
--

LOCK TABLES `todos` WRITE;
/*!40000 ALTER TABLE `todos` DISABLE KEYS */;
INSERT INTO `todos` VALUES (1,11,10,8,NULL,12,'2011-08-24 14:05:15','2011-09-12 17:15:21','Time to conduct workplace safety training! Work on response for one crisis or hazard pertinent to your facility (tornado, earthquake, OSHA safety procedures, etc).','critical',NULL,'people',0,'In Progress',12),(2,12,10,8,NULL,12,'2011-08-24 14:05:15','2011-09-12 17:16:23','Time practice evacuating staff from your facility! Be sure to also discuss and develop procedures for evacuating the public with your staff. Document and upload those procedures to your Critical Stuff on ArtsReady.','critical',NULL,'people',0,'In Progress',12),(3,13,10,8,NULL,NULL,'2011-08-24 14:05:15','2011-08-25 02:26:05','Time to check and refresh first aid kits in your facility! Make sure staff and volunteers know where they are','critical',NULL,'people',0,'In Progress',12),(4,14,10,8,NULL,NULL,'2011-08-24 14:05:15','2011-08-25 02:26:05','Time to do basic first aid and CPR training with staff and volunteers!','critical',NULL,'people',0,'In Progress',12),(5,9,8,8,NULL,NULL,'2011-08-24 14:05:35','2011-08-25 02:26:05','Research and list a few local counselors that specialize in workplace trauma.','non-critical',NULL,'people',0,'In Progress',12),(6,6,6,8,NULL,NULL,'2011-08-24 14:06:03','2011-08-25 02:26:05','Document key responsibilities and functions for each staff member and place into a comprehensive \'Organization Guide\' to be used in the event of a sudden absence. Upload the guide to your Critical Stuff on ArtsReady.','critical',NULL,'people',0,'In Progress',12),(7,7,6,8,NULL,NULL,'2011-08-24 14:06:03','2011-08-25 02:26:05','Cross train staff in each other\'s key functions and tasks so a substitute can easily fill in case of sudden absence.','critical',NULL,'people',0,'In Progress',12),(8,5,5,8,NULL,17,'2011-08-24 14:09:24','2011-09-12 17:17:30','Develop a phone and email tree (with external email addresses and phone numbers) for staff and other personnel. Upload to your Critical Stuff on ArtsReady.','non-critical',NULL,'people',0,'In Progress',12),(9,4,4,8,NULL,NULL,'2011-08-24 14:09:50','2011-08-25 02:26:05','Gather contracts and contact information for guest artists. Digitize the files and upload to your Critical Stuff on Arts Ready.','non-critical',NULL,'people',0,'In Progress',12),(10,3,3,8,NULL,NULL,'2011-08-24 14:10:00','2011-08-25 02:26:05','Update staff, board, and regular volunteer emergency contact lists and upload to your Critical Stuff on ArtsReady.','non-critical',NULL,'people',0,'In Progress',12),(11,1,1,8,NULL,17,'2011-08-24 14:22:37','2011-09-12 17:31:21','Update your organizational chart and upload to your Critical Stuff on ArtsReady.','non-critical',NULL,'people',0,'In Progress',12),(12,15,11,8,NULL,NULL,'2011-08-24 14:24:13','2011-08-25 02:26:05','Designate and officiate back up signatories so funds can be accessed if the regular person becomes unavailable.','non-critical',NULL,'finance',0,'In Progress',12),(13,1,73,9,NULL,13,'2011-08-24 16:18:49','2011-09-12 17:47:38','Update your organizational chart and upload to your Critical Stuff on ArtsReady.','non-critical',NULL,'people',0,'In Progress',13),(14,2,74,9,NULL,13,'2011-08-24 16:18:57','2011-09-12 17:49:05','Update the stakeholder contact list and upload to your Critical Stuff on ArtsReady.','critical',NULL,'people',0,'In Progress',13),(15,2,2,8,NULL,NULL,'2011-08-24 20:13:01','2011-08-25 02:26:05','Update the stakeholder contact list and upload to your Critical Stuff on ArtsReady.','non-critical',NULL,'people',0,'In Progress',12),(16,10,9,8,NULL,NULL,'2011-08-24 20:13:21','2011-08-25 02:26:05','Develop a crisis communications plan and designate a media spokesperson and back up person for it.','non-critical',NULL,'people',0,'In Progress',12),(17,16,12,8,NULL,NULL,'2011-08-24 20:13:43','2011-08-25 02:26:05','Develop a safe way to store your daily cash intake at the close of business.','non-critical',NULL,'finance',0,'In Progress',12),(18,17,13,8,NULL,NULL,'2011-08-24 20:14:02','2011-08-25 02:26:05','Distill and digitize up-to-date financial records (including bank account numbers and quarterly balances). Upload the files to your Critical Stuff on ArtsReady.','non-critical',NULL,'finance',0,'In Progress',12),(19,18,13,8,NULL,NULL,'2011-08-24 20:14:02','2011-08-25 02:26:05','Train at least one back up person so they know how to access and read financial files in the case of a sudden absence.','non-critical',NULL,'finance',0,'In Progress',12),(20,20,15,8,NULL,NULL,'2011-08-24 20:16:47','2011-08-25 02:26:05','Develop and document a plan for back-up compensation for staff.','non-critical',NULL,'finance',0,'In Progress',12),(21,30,239,10,NULL,NULL,'2011-08-25 13:32:53','2011-08-25 13:32:53','With adequate backups in place, simulate a power failure. Contact the appropriate IT and electrical personnel as needed prior to the test.','critical',NULL,'technology',0,'In Progress',NULL),(22,NULL,NULL,1,'2011-09-06',3,'2011-09-11 18:45:45','2011-09-11 18:45:45','This is a test to-do item','non-critical',NULL,'people',0,'Not Started',3),(23,29,22,8,NULL,NULL,'2011-09-12 16:28:08','2011-09-12 16:28:08','Cross train staff in the organization\'s computer systems. Provide necessary administrative privileges, passwords, and processes. Document passwords and necessary information and upload the file to your Critical Stuff on ArtsReady.','non-critical',NULL,'technology',0,'In Progress',NULL),(24,30,23,8,NULL,NULL,'2011-09-12 16:28:20','2011-09-12 16:28:20','With adequate backups in place, simulate a power failure. Contact the appropriate IT and electrical personnel as needed prior to the test.','non-critical',NULL,'technology',0,'In Progress',NULL),(25,34,26,8,NULL,NULL,'2011-09-12 16:28:51','2011-09-12 16:28:51','Set up remote access for key personnel. Confirm that all personnel have tested and can utilize the remote access.','non-critical',NULL,'technology',0,'In Progress',NULL),(26,36,28,8,NULL,NULL,'2011-09-12 16:29:26','2011-09-12 16:29:26','Confirm and document antivirus, spyware, spam filters, and firewall protections for computer systems. Include serial numbers in the documentation, and create an automatic renewal with the vendors that provide those protections.','critical',NULL,'technology',0,'In Progress',NULL),(27,37,29,8,NULL,NULL,'2011-09-12 16:29:40','2011-09-12 16:29:40','Designate a place on the website for emergency communications. Select and train a point person and at least one back up person for those communications.','non-critical',NULL,'technology',0,'In Progress',NULL),(28,38,30,8,NULL,NULL,'2011-09-12 16:29:51','2011-09-12 16:29:51','Provide backup personnel with necessary administrative privileges and training so they can perform software/driver/system installation or re-installation on your computers if the usual person is suddenly absent.  ','non-critical',NULL,'technology',0,'In Progress',NULL),(29,39,30,8,NULL,NULL,'2011-09-12 16:29:51','2011-09-12 16:29:51','Organize computer installation disks and up-to-date serial numbers so they are easily accessible and easy to find by staff. Include renewal dates and number of licenses allowed where necessary.  ','non-critical',NULL,'technology',0,'In Progress',NULL),(30,40,31,8,NULL,NULL,'2011-09-12 16:30:06','2011-09-12 16:30:06','Update the production procedures. Cross train staff in key positions of each production in case the usual person becomes suddenly absent.','critical',NULL,'productions',0,'In Progress',NULL),(31,41,32,8,NULL,NULL,'2011-09-12 16:30:18','2011-09-12 16:30:18','Update the production schedule and make it readily available on the organization\'s website and/or in your Critical Stuff on ArtsReady.','non-critical',NULL,'productions',0,'In Progress',NULL),(32,43,34,8,NULL,NULL,'2011-09-12 16:30:39','2011-09-12 16:30:39','Develop and document policies for changing or substituting the production schedule to compensate for a delay or cancellation. Train staff in the policies.','non-critical',NULL,'productions',0,'In Progress',NULL),(33,46,36,8,NULL,NULL,'2011-09-12 16:30:53','2011-09-12 16:30:53','Designate an alternate location or phone number for call forwarding. Make an arrangement for a Battle Buddy to act as a communication proxy as needed.','non-critical',NULL,'ticketing',0,'In Progress',NULL),(34,47,37,8,NULL,NULL,'2011-09-12 16:31:02','2011-09-12 16:31:02','Set up remote access for the internal events calendar so it can be updated both internally and publically.','non-critical',NULL,'ticketing',0,'In Progress',NULL),(35,50,40,8,NULL,NULL,'2011-09-12 16:31:32','2011-09-12 16:31:32','Develop and post an evacuation plan. Make sure all staff and volunteers are aware of its locations.','critical',NULL,'facilities',0,'In Progress',NULL),(36,51,41,8,NULL,NULL,'2011-09-12 16:31:44','2011-09-12 16:31:44','Time practice evacuating the public your facility! Be sure to also discuss and develop procedures for evacuating the public with your staff. Document and upload those procedures to your Critical Stuff on ArtsReady.','critical',NULL,'facilities',0,'In Progress',NULL),(37,52,42,8,NULL,NULL,'2011-09-12 16:31:56','2011-09-12 16:31:56','Develop a facility shut down and prep plan for cases of advanced warning. Designate tasks in the plan to at least one staff member and a backup person who have appropriate accesses.','non-critical',NULL,'facilities',0,'In Progress',NULL),(38,53,43,8,NULL,NULL,'2011-09-12 16:32:06','2011-09-12 16:32:06','Secure the most valuable assets in your organization in a well-protected place. Designate access to at least one trusted staff member and backup person.','critical',NULL,'facilities',0,'In Progress',NULL),(39,54,44,8,NULL,NULL,'2011-09-12 16:32:14','2011-09-12 16:32:14','Time to check emergency safety equipment! This includes fire alarms, extinguishers, carbon monoxide alarms, humidity detectors, etc.','critical',NULL,'facilities',0,'In Progress',NULL),(40,55,45,8,NULL,NULL,'2011-09-12 16:32:22','2011-09-12 16:32:22','Update the organization\'s alarm systems. Document the security codes and passwords in your Critical Stuff on ArtsReady.','critical',NULL,'facilities',0,'In Progress',NULL),(41,56,46,8,NULL,NULL,'2011-09-12 16:32:29','2011-09-12 16:32:29','Set up a facility tour with the police and fire departments to gain security advice.','critical',NULL,'facilities',0,'In Progress',NULL),(42,57,47,8,NULL,NULL,'2011-09-12 16:32:47','2011-09-12 16:32:47','Designate a trusted employee or volunteer and backup person near the facility to have copies of all facility keys. The same person should also have access at home to hard and/or digital copies of alarm codes.','non-critical',NULL,'facilities',0,'In Progress',NULL),(43,59,49,8,NULL,NULL,'2011-09-12 16:33:07','2011-09-12 16:33:07','Create or update at least one emergency kit. Notify all employees and volunteers of its location(s).','non-critical',NULL,'facilities',0,'In Progress',NULL),(44,61,51,8,NULL,NULL,'2011-09-12 16:33:22','2011-09-12 16:33:22','Form or update your Battle Buddy relationships to ensure back-up facility agreements.','non-critical',NULL,'facilities',0,'In Progress',NULL),(45,62,52,8,NULL,NULL,'2011-09-12 16:33:48','2011-09-12 16:33:48','Document the current programming schedule and cross train staff in each event\'s basic function.','non-critical',NULL,'programs',0,'In Progress',NULL),(46,63,53,8,NULL,NULL,'2011-09-12 16:33:55','2011-09-12 16:33:55','Locate and list backup vendors for mandatory supplies for you organization.','non-critical',NULL,'programs',0,'In Progress',NULL),(47,64,54,8,NULL,NULL,'2011-09-12 16:34:11','2011-09-12 16:34:11','Develop a priority list to prepare for any necessary cuts or budget adjustments to programming.','non-critical',NULL,'programs',0,'In Progress',NULL),(48,65,55,8,NULL,NULL,'2011-09-12 16:34:20','2011-09-12 16:34:20','Create and update a communication strategy for contacting program participants quickly. Document those procedures and current contact lists; upload to your Critical Stuff on ArtsReady.','non-critical',NULL,'programs',0,'In Progress',NULL),(49,66,56,8,NULL,NULL,'2011-09-12 16:34:36','2011-09-12 16:34:36','Update all documents pertaining to grants and backup digital copies off site.','non-critical',NULL,'grantmaking',0,'In Progress',NULL),(50,67,57,8,NULL,NULL,'2011-09-12 16:34:44','2011-09-12 16:34:44','Cross train at least one back up staff member in day-to-day grantmaking procedures, including any software used in the process. Ensure that person has the necessary accesses.','non-critical',NULL,'grantmaking',0,'In Progress',NULL),(51,70,60,8,NULL,NULL,'2011-09-12 16:35:17','2011-09-12 16:35:17','Create achievable guidelines for aiding your constituents and grantees should a community crisis occur. Cross train staff in those methods.','non-critical',NULL,'grantmaking',0,'In Progress',NULL),(52,73,63,8,NULL,NULL,'2011-09-12 17:08:56','2011-09-12 17:08:56','Document the current exhibit schedule and preparation protocol sheet(s). Backup digitally, and make hard and soft copies accessible to all staff.','non-critical',NULL,'exhibits',0,'In Progress',NULL),(53,75,65,8,NULL,NULL,'2011-09-12 17:09:28','2011-09-12 17:09:28','Digitize contracts/loan agreements with artists, organizations, and contractors and backup on an external server. Include their contact information.','non-critical',NULL,'exhibits',0,'In Progress',NULL),(54,76,66,8,NULL,NULL,'2011-09-12 17:09:43','2011-09-12 17:09:43','Establish a policy for the delay/cancellation of an exhibit and back up the documentation on an external server.','non-critical',NULL,'exhibits',0,'In Progress',NULL),(55,79,68,8,NULL,NULL,'2011-09-12 17:10:04','2011-09-12 17:10:04','Create a comprehensive database with the details about all exhibit pieces. Include dimensions, medium, and insurance value. Backup this file and make it accessible offsite.','non-critical',NULL,'exhibits',0,'In Progress',NULL),(56,80,68,8,NULL,NULL,'2011-09-12 17:10:04','2011-09-12 17:10:04','Make photographic documentation of all exhibit pieces. Organize and store on an offsite server. Link these photos to a comprehensive database that verbally describes the piece.','non-critical',NULL,'exhibits',0,'In Progress',NULL),(57,81,69,8,NULL,NULL,'2011-09-12 17:10:16','2011-09-12 17:10:16','Create or update existing protocol for acquiring new exhibits or pieces to include immediate comprehensive documentation and value assessment.','non-critical',NULL,'exhibits',0,'In Progress',NULL),(58,82,70,8,NULL,NULL,'2011-09-12 17:10:42','2011-09-12 17:10:42','Get insurance coverage for your exhibits (or add it to your current policy). Upload the insurance company or agent\'s contact information, a copy of the policy, and the policy number to your Critical Stuff on ArtsReady.','non-critical',NULL,'exhibits',0,'In Progress',NULL),(59,84,72,8,NULL,NULL,'2011-09-12 17:11:06','2011-09-12 17:11:06','Make a \'priority list\' that designates which objects should be considered most immediate for facility evacuation. Make the list readily accessible to staff.','non-critical',NULL,'exhibits',0,'In Progress',NULL),(60,85,72,8,NULL,NULL,'2011-09-12 17:11:07','2011-09-12 17:11:07','Develop and document transportation requirements, and make an emergency storage plan with a Battle Buddy if sensitive objects need to evacuate your facility quickly.','non-critical',NULL,'exhibits',0,'In Progress',NULL),(61,86,72,8,NULL,NULL,'2011-09-12 17:11:07','2011-09-12 17:11:07','Locate and list alternate storage and transportation facilities in and out of region that could be utilized for emergency storage/shipment of sensitive objects. Be sure to find the appropriate environmental controls as needed.','non-critical',NULL,'exhibits',0,'In Progress',NULL),(62,9,296,6,NULL,NULL,'2011-09-13 13:37:59','2011-09-13 13:37:59','Research and list a few local counselors that specialize in workplace trauma.','non-critical',NULL,'people',0,'In Progress',NULL),(63,1,145,1,NULL,24,'2011-09-13 15:16:17','2011-09-13 15:28:53','Update your organizational chart and upload to your Critical Stuff on ArtsReady.','critical',NULL,'people',0,'In Progress',3),(64,2,146,1,NULL,2,'2011-09-13 15:16:30','2011-09-13 15:28:30','Update the stakeholder contact list and upload to your Critical Stuff on ArtsReady.','non-critical',NULL,'people',0,'In Progress',3),(65,3,147,1,NULL,23,'2011-09-13 15:16:37','2011-09-13 15:26:16','Update staff, board, and regular volunteer emergency contact lists and upload to your Critical Stuff on ArtsReady.','critical',NULL,'people',0,'In Progress',3),(66,29,166,1,NULL,NULL,'2011-09-13 15:32:34','2011-09-13 15:32:34','Cross train staff in the organization\'s computer systems. Provide necessary administrative privileges, passwords, and processes. Document passwords and necessary information and upload the file to your Critical Stuff on ArtsReady.','critical',NULL,'technology',0,'In Progress',NULL),(67,30,167,1,NULL,NULL,'2011-09-13 15:32:42','2011-09-13 15:32:42','With adequate backups in place, simulate a power failure. Contact the appropriate IT and electrical personnel as needed prior to the test.','critical',NULL,'technology',0,'In Progress',NULL),(68,31,168,1,NULL,NULL,'2011-09-13 15:32:47','2011-09-13 15:32:47','Set up external servers with a host company to secure your digital files. Know the outside vendor\'s policy and protections for storage.','non-critical',NULL,'technology',0,'In Progress',NULL),(69,32,168,1,NULL,NULL,'2011-09-13 15:32:47','2011-09-13 15:32:47','Develop procedures for data back-up. Document the procedures and cross train staff on procedures.','non-critical',NULL,'technology',0,'In Progress',NULL),(70,4,148,1,NULL,NULL,'2011-09-13 20:32:22','2011-09-13 20:32:22','Gather contracts and contact information for guest artists. Digitize the files and upload to your Critical Stuff on Arts Ready.','critical',NULL,'people',0,'In Progress',NULL),(71,5,149,1,NULL,NULL,'2011-09-13 20:32:31','2011-09-13 20:32:31','Develop a phone and email tree (with external email addresses and phone numbers) for staff and other personnel. Upload to your Critical Stuff on ArtsReady.','critical',NULL,'people',0,'In Progress',NULL),(72,6,150,1,NULL,NULL,'2011-09-13 20:34:03','2011-09-13 20:34:03','Document key responsibilities and functions for each staff member and place into a comprehensive \'Organization Guide\' to be used in the event of a sudden absence. Upload the guide to your Critical Stuff on ArtsReady.','critical',NULL,'people',0,'In Progress',NULL),(73,7,150,1,NULL,NULL,'2011-09-13 20:34:03','2011-09-13 20:34:03','Cross train staff in each other\'s key functions and tasks so a substitute can easily fill in case of sudden absence.','critical',NULL,'people',0,'In Progress',NULL),(74,8,151,1,NULL,NULL,'2011-09-13 20:34:11','2011-09-13 20:34:11','Develop a clear interim and succession plan for the executive or organizational leader in the case of sudden absence. Document the plan in an \'Organization Guide\' and upload to your Critical Stuff on ArtsReady.','critical',NULL,'people',0,'In Progress',NULL),(75,11,154,1,NULL,NULL,'2011-09-13 20:34:19','2011-09-13 20:34:19','Time to conduct workplace safety training! Work on response for one crisis or hazard pertinent to your facility (tornado, earthquake, OSHA safety procedures, etc).','critical',NULL,'people',0,'In Progress',NULL),(76,12,154,1,NULL,NULL,'2011-09-13 20:34:19','2011-09-13 20:34:19','Time practice evacuating staff from your facility! Be sure to also discuss and develop procedures for evacuating the public with your staff. Document and upload those procedures to your Critical Stuff on ArtsReady.','critical',NULL,'people',0,'In Progress',NULL),(77,13,154,1,NULL,NULL,'2011-09-13 20:34:19','2011-09-13 20:34:19','Time to check and refresh first aid kits in your facility! Make sure staff and volunteers know where they are','critical',NULL,'people',0,'In Progress',NULL),(78,14,154,1,NULL,NULL,'2011-09-13 20:34:19','2011-09-13 20:34:19','Time to do basic first aid and CPR training with staff and volunteers!','critical',NULL,'people',0,'In Progress',NULL),(79,40,175,1,NULL,NULL,'2011-09-13 20:34:37','2011-09-13 20:34:37','Update the production procedures. Cross train staff in key positions of each production in case the usual person becomes suddenly absent.','critical',NULL,'productions',0,'In Progress',NULL),(80,41,176,1,NULL,NULL,'2011-09-13 20:34:42','2011-09-13 20:34:42','Update the production schedule and make it readily available on the organization\'s website and/or in your Critical Stuff on ArtsReady.','critical',NULL,'productions',0,'In Progress',NULL),(81,42,177,1,NULL,NULL,'2011-09-13 20:34:46','2011-09-13 20:34:46','Digitize contracts for artists in each production. Make them readily accessible and back them up on an external server.','critical',NULL,'productions',0,'In Progress',NULL),(82,43,178,1,NULL,NULL,'2011-09-13 20:34:55','2011-09-13 20:34:55','Develop and document policies for changing or substituting the production schedule to compensate for a delay or cancellation. Train staff in the policies.','critical',NULL,'productions',0,'In Progress',NULL),(83,44,179,1,NULL,NULL,'2011-09-13 20:35:03','2011-09-13 20:35:03','Secure the necessary insurance (worker\'s compensation, auto insurance, etc.) for touring productions. Digitize and upload policy information to your Critical Stuff on ArtsReady.','critical',NULL,'productions',0,'In Progress',NULL),(84,45,179,1,NULL,NULL,'2011-09-13 20:35:03','2011-09-13 20:35:03','Develop and document policies for changing or substituting a touring production to compensate for a delay or cancellation. Train staff in the policies.','critical',NULL,'productions',0,'In Progress',NULL),(85,9,152,1,NULL,NULL,'2011-09-13 20:35:18','2011-09-13 20:35:18','Research and list a few local counselors that specialize in workplace trauma.','critical',NULL,'people',0,'In Progress',NULL),(86,10,153,1,NULL,NULL,'2011-09-13 20:35:28','2011-09-13 20:35:28','Develop a crisis communications plan and designate a media spokesperson and back up person for it.','critical',NULL,'people',0,'In Progress',NULL),(87,33,169,1,NULL,NULL,'2011-09-13 20:36:33','2011-09-13 20:36:33','Document the contact information for your IT vendors and store the document on your Critical Stuff on ArtsReady. Inform pertinent staff and back up personal of information and any corresponding procedures.','critical',NULL,'technology',0,'In Progress',NULL),(88,34,170,1,NULL,NULL,'2011-09-13 20:36:46','2011-09-13 20:36:46','Set up remote access for key personnel. Confirm that all personnel have tested and can utilize the remote access.','critical',NULL,'technology',0,'In Progress',NULL),(89,38,174,1,NULL,NULL,'2011-09-13 20:36:56','2011-09-13 20:36:56','Provide backup personnel with necessary administrative privileges and training so they can perform software/driver/system installation or re-installation on your computers if the usual person is suddenly absent.  ','critical',NULL,'technology',0,'In Progress',NULL),(90,39,174,1,NULL,NULL,'2011-09-13 20:36:56','2011-09-13 20:36:56','Organize computer installation disks and up-to-date serial numbers so they are easily accessible and easy to find by staff. Include renewal dates and number of licenses allowed where necessary.  ','critical',NULL,'technology',0,'In Progress',NULL),(91,37,173,1,NULL,NULL,'2011-09-13 20:37:07','2011-09-13 20:37:07','Designate a place on the website for emergency communications. Select and train a point person and at least one back up person for those communications.','critical',NULL,'technology',0,'In Progress',NULL),(92,36,172,1,NULL,NULL,'2011-09-13 20:37:15','2011-09-13 20:37:15','Confirm and document antivirus, spyware, spam filters, and firewall protections for computer systems. Include serial numbers in the documentation, and create an automatic renewal with the vendors that provide those protections.','critical',NULL,'technology',0,'In Progress',NULL),(93,35,171,1,NULL,NULL,'2011-09-13 20:37:23','2011-09-13 20:37:23','Set up multiple offsite storage systems for important online documents and recordings.','critical',NULL,'technology',0,'In Progress',NULL),(94,46,180,1,NULL,NULL,'2011-09-13 20:37:41','2011-09-13 20:37:41','Designate an alternate location or phone number for call forwarding. Make an arrangement for a Battle Buddy to act as a communication proxy as needed.','critical',NULL,'ticketing',0,'In Progress',NULL),(95,47,181,1,NULL,NULL,'2011-09-13 20:37:46','2011-09-13 20:37:46','Set up remote access for the internal events calendar so it can be updated both internally and publically.','critical',NULL,'ticketing',0,'In Progress',NULL),(96,48,182,1,NULL,NULL,'2011-09-13 20:37:51','2011-09-13 20:37:51','Develop a back up and/or offline system for box office sales should the current system fail. Cross train staff in the backup system.','critical',NULL,'ticketing',0,'In Progress',NULL),(97,49,183,1,NULL,NULL,'2011-09-13 20:37:56','2011-09-13 20:37:56','Develop and clearly document a refund policy for the public in case an event gets cancelled. Train staff and volunteers in refund protocols.','critical',NULL,'ticketing',0,'In Progress',NULL),(98,62,196,1,NULL,NULL,'2011-09-13 20:38:12','2011-09-13 20:38:12','Document the current programming schedule and cross train staff in each event\'s basic function.','critical',NULL,'programs',0,'In Progress',NULL),(99,63,197,1,NULL,NULL,'2011-09-13 20:38:17','2011-09-13 20:38:17','Locate and list backup vendors for mandatory supplies for you organization.','critical',NULL,'programs',0,'In Progress',NULL),(100,64,198,1,NULL,NULL,'2011-09-13 20:38:22','2011-09-13 20:38:22','Develop a priority list to prepare for any necessary cuts or budget adjustments to programming.','critical',NULL,'programs',0,'In Progress',NULL),(101,65,199,1,NULL,NULL,'2011-09-13 20:38:27','2011-09-13 20:38:27','Create and update a communication strategy for contacting program participants quickly. Document those procedures and current contact lists; upload to your Critical Stuff on ArtsReady.','critical',NULL,'programs',0,'In Progress',NULL),(102,50,184,1,NULL,NULL,'2011-09-13 20:38:55','2011-09-13 20:38:55','Develop and post an evacuation plan. Make sure all staff and volunteers are aware of its locations.','critical',NULL,'facilities',0,'In Progress',NULL),(103,51,185,1,NULL,NULL,'2011-09-13 20:39:00','2011-09-13 20:39:00','Time practice evacuating the public your facility! Be sure to also discuss and develop procedures for evacuating the public with your staff. Document and upload those procedures to your Critical Stuff on ArtsReady.','critical',NULL,'facilities',0,'In Progress',NULL),(104,52,186,1,NULL,NULL,'2011-09-13 20:39:08','2011-09-13 20:39:08','Develop a facility shut down and prep plan for cases of advanced warning. Designate tasks in the plan to at least one staff member and a backup person who have appropriate accesses.','critical',NULL,'facilities',0,'In Progress',NULL),(105,53,187,1,NULL,NULL,'2011-09-13 20:39:13','2011-09-13 20:39:13','Secure the most valuable assets in your organization in a well-protected place. Designate access to at least one trusted staff member and backup person.','critical',NULL,'facilities',0,'In Progress',NULL),(106,54,188,1,NULL,NULL,'2011-09-13 20:39:22','2011-09-13 20:39:22','Time to check emergency safety equipment! This includes fire alarms, extinguishers, carbon monoxide alarms, humidity detectors, etc.','critical',NULL,'facilities',0,'In Progress',NULL),(107,55,189,1,NULL,NULL,'2011-09-13 20:39:34','2011-09-13 20:39:34','Update the organization\'s alarm systems. Document the security codes and passwords in your Critical Stuff on ArtsReady.','critical',NULL,'facilities',0,'In Progress',NULL),(108,56,190,1,NULL,NULL,'2011-09-13 20:47:05','2011-09-13 20:47:05','Set up a facility tour with the police and fire departments to gain security advice.','critical',NULL,'facilities',0,'In Progress',NULL),(109,57,191,1,NULL,NULL,'2011-09-13 20:47:14','2011-09-13 20:47:14','Designate a trusted employee or volunteer and backup person near the facility to have copies of all facility keys. The same person should also have access at home to hard and/or digital copies of alarm codes.','critical',NULL,'facilities',0,'In Progress',NULL),(110,58,192,1,NULL,NULL,'2011-09-13 20:47:22','2011-09-13 20:47:22','Confer with the landlord of your space. Ensure that s/he has updated contact information for at least two of your organization\'s personnel and vice versa.','critical',NULL,'facilities',0,'In Progress',NULL),(111,59,193,1,NULL,NULL,'2011-09-13 20:47:30','2011-09-13 20:47:30','Create or update at least one emergency kit. Notify all employees and volunteers of its location(s).','critical',NULL,'facilities',0,'In Progress',NULL),(112,60,194,1,NULL,NULL,'2011-09-13 20:48:23','2011-09-13 20:48:23','Procure and test an emergency back-up generator for your facility. Cross train staff on its function as needed.','critical',NULL,'facilities',0,'In Progress',NULL),(113,61,195,1,NULL,NULL,'2011-09-13 20:48:32','2011-09-13 20:48:32','Form or update your Battle Buddy relationships to ensure back-up facility agreements.','critical',NULL,'facilities',0,'In Progress',NULL);
/*!40000 ALTER TABLE `todos` ENABLE KEYS */;
UNLOCK TABLES;

--
-- Table structure for table `updates`
--

DROP TABLE IF EXISTS `updates`;
/*!40101 SET @saved_cs_client     = @@character_set_client */;
/*!40101 SET character_set_client = utf8 */;
CREATE TABLE `updates` (
  `id` int(11) NOT NULL AUTO_INCREMENT,
  `message` text COLLATE utf8_unicode_ci,
  `user_id` int(11) DEFAULT NULL,
  `crisis_id` int(11) DEFAULT NULL,
  `organization_id` int(11) DEFAULT NULL,
  `created_at` datetime DEFAULT NULL,
  `updated_at` datetime DEFAULT NULL,
  PRIMARY KEY (`id`),
  KEY `index_updates_on_crisis_id` (`crisis_id`),
  KEY `index_updates_on_organization_id` (`organization_id`),
  KEY `index_updates_on_user_id` (`user_id`)
) ENGINE=InnoDB AUTO_INCREMENT=30 DEFAULT CHARSET=utf8 COLLATE=utf8_unicode_ci;
/*!40101 SET character_set_client = @saved_cs_client */;

--
-- Dumping data for table `updates`
--

LOCK TABLES `updates` WRITE;
/*!40000 ALTER TABLE `updates` DISABLE KEYS */;
INSERT INTO `updates` VALUES (1,'This is a TEST.',11,1,7,'2011-08-25 16:57:19','2011-08-25 16:57:19'),(2,'Southern rep received email of crisis',13,1,9,'2011-08-25 17:42:20','2011-08-25 17:42:20'),(3,'Hi SF Ballet--i am unable to gain access to your critical stuff!  Please let me know how to do and we can help!',13,1,9,'2011-08-25 20:02:28','2011-08-25 20:02:28'),(4,'I am able to discuss this with you over the phone.  We have been through a similar situation.  Please call me at 504-523-9857',13,1,9,'2011-08-25 20:07:51','2011-08-25 20:07:51'),(5,'Thanks Aimee!  You really came through providing the advice and time of your personnel to draft a press release for us.',11,1,7,'2011-08-25 20:12:23','2011-08-25 20:12:23'),(6,'We still need someone else to help you contact members of the press and send out a press release with your response though.',11,1,7,'2011-08-25 20:13:16','2011-08-25 20:13:16'),(7,'Swine Palace received receipt of your crisis and we are able to assist with contacting members of the press.',10,1,6,'2011-08-25 20:19:30','2011-08-25 20:19:30'),(8,'beeeeep',25,2,10,'2011-08-25 20:23:55','2011-08-25 20:23:55'),(9,'I am here to help!',3,2,1,'2011-08-25 20:33:03','2011-08-25 20:33:03'),(10,'Thanks Katy Malone. You are the best ever and you look really nice today.',25,2,10,'2011-08-25 20:37:16','2011-08-25 20:37:16'),(11,'Thank you, Kristin.  Your team was crucial in helping us distribute the press release to San Francisco media outlets.',11,1,7,'2011-08-25 20:38:15','2011-08-25 20:38:15'),(12,'Thanks for your support, Battle Buddies -- this crisis is now closed.',11,1,7,'2011-08-25 20:38:56','2011-08-25 20:38:56'),(13,'Can you see this response to your first crisis declartion?',3,7,1,'2011-08-30 13:51:40','2011-08-30 13:51:40'),(14,'This is my response to your mysterious second declaration.',3,8,1,'2011-08-30 13:55:04','2011-08-30 13:55:04'),(15,'THIS IS THE OLD TEST AND SHOULDN\'T BE HERE ANYMORE.',3,2,1,'2011-08-30 13:57:18','2011-08-30 13:57:18'),(16,'Hey everyone! Just trying the public crisis notification',3,10,1,'2011-08-30 14:09:09','2011-08-30 14:09:09'),(17,'Well if you want to , you can lean on me.',25,10,10,'2011-08-30 14:14:22','2011-08-30 14:14:22'),(18,'Thanks so much everyone! I\'m closing this one out.',3,10,1,'2011-08-30 14:24:08','2011-08-30 14:24:08'),(19,'I am ignoring... but we aren\'t Buddies so I shouldn\'t be able to send you this.',3,16,1,'2011-08-30 15:00:24','2011-08-30 15:00:24'),(20,'Is anyone able to access our critical stuff?  We can\'t get to the office today due to flooding',22,23,9,'2011-08-30 17:07:06','2011-08-30 17:07:06'),(21,'Hi this is Sarah Zoghbi from Southern Rep.  I also can\'t leave my house bcse of flooding here and my power is out.  Please update me when we are finished alerting board of the crisis.',21,23,9,'2011-08-30 17:08:55','2011-08-30 17:08:55'),(22,'Whew--our crops our saved.  Thanks for all your help...  Signing off.  SRT',21,23,9,'2011-08-30 17:17:16','2011-08-30 17:17:16'),(23,'I can help South Arts friend!',3,28,1,'2011-09-02 14:04:18','2011-09-02 14:04:18'),(24,'Hi ArtsReady! I am here to help out.',25,29,10,'2011-09-02 14:05:50','2011-09-02 14:05:50'),(25,'HI, I am here to help.',19,1,6,'2011-09-02 14:11:00','2011-09-02 14:11:00'),(26,'What do you know?  \r\nMy best set builder and scenic artists just happen to be in Baton Rouge.\r\nI am happy to send them your way.',12,30,8,'2011-09-02 18:37:54','2011-09-02 18:37:54'),(27,'Thanks Ferst, that would be great',10,30,6,'2011-09-02 18:42:49','2011-09-02 18:42:49'),(28,'TEST:  Thanks, everyone.  Ferst has come to the rescue and we should be in good shape for tomorrow\'s opening.',10,30,6,'2011-09-02 18:45:29','2011-09-02 18:45:29'),(29,'Hooray! Great job everyone. Kristin, did you get a BB inquiry from Jack?\r\n',3,30,1,'2011-09-02 18:46:43','2011-09-02 18:46:43');
/*!40000 ALTER TABLE `updates` ENABLE KEYS */;
UNLOCK TABLES;

--
-- Table structure for table `users`
--

DROP TABLE IF EXISTS `users`;
/*!40101 SET @saved_cs_client     = @@character_set_client */;
/*!40101 SET character_set_client = utf8 */;
CREATE TABLE `users` (
  `id` int(11) NOT NULL AUTO_INCREMENT,
  `first_name` varchar(255) COLLATE utf8_unicode_ci DEFAULT NULL,
  `last_name` varchar(255) COLLATE utf8_unicode_ci DEFAULT NULL,
  `email` varchar(255) COLLATE utf8_unicode_ci DEFAULT NULL,
  `encrypted_password` varchar(255) COLLATE utf8_unicode_ci DEFAULT NULL,
  `created_at` datetime DEFAULT NULL,
  `updated_at` datetime DEFAULT NULL,
  `organization_id` int(11) DEFAULT NULL,
  `admin` tinyint(1) DEFAULT '0',
  `disabled` tinyint(1) DEFAULT '0',
  `role` varchar(255) COLLATE utf8_unicode_ci DEFAULT NULL,
  `last_login_at` datetime DEFAULT NULL,
  `password_reset_token` varchar(255) COLLATE utf8_unicode_ci DEFAULT NULL,
  `password_reset_sent_at` datetime DEFAULT NULL,
  `title` varchar(255) COLLATE utf8_unicode_ci DEFAULT NULL,
  `phone_number` varchar(255) COLLATE utf8_unicode_ci DEFAULT NULL,
  `accepted_terms` tinyint(1) DEFAULT '1',
  PRIMARY KEY (`id`),
  KEY `index_users_on_organization_id` (`organization_id`)
) ENGINE=InnoDB AUTO_INCREMENT=32 DEFAULT CHARSET=utf8 COLLATE=utf8_unicode_ci;
/*!40101 SET character_set_client = @saved_cs_client */;

--
-- Dumping data for table `users`
--

LOCK TABLES `users` WRITE;
/*!40000 ALTER TABLE `users` DISABLE KEYS */;
INSERT INTO `users` VALUES (1,'Admin','User','admin@test.host','$2a$10$R.ANmm/2N3fJT7zRCSrj4.hJFX8DSkAWNnZIe05/0qnEu0YpQtpF.','2011-08-22 13:16:57','2011-08-30 16:52:28',1,1,0,'manager','2011-08-30 16:52:28',NULL,NULL,NULL,NULL,1),(2,'Mollie','Lakin-Hayes','info@artsready.org','$2a$10$oYAKH9OJRJH0xtTIJipPo.iAYS.4giYeQP29dinbHhlqOk3vntJj6','2011-08-22 13:16:58','2011-09-14 00:55:22',1,1,0,'manager','2011-09-14 00:55:22',NULL,NULL,'',NULL,1),(3,'Katy','Malone','kmalone@southarts.org','$2a$10$907VFR5ktEqXFVRNDmTO2.wv628/LODkTiLS41VxfDJ.SFvmWr72q','2011-08-22 13:16:59','2011-09-14 12:59:16',1,1,0,'manager','2011-09-14 12:59:16','gugDJc_ejNKU1k-nDX0I8g','2011-08-23 16:03:42',NULL,NULL,1),(4,'Test','User','test@test.host','$2a$10$UG.Ch.M7D2PAHB6SU4OicuEK50fxmk8GdUysgArDcIra3CC8863a.','2011-08-22 13:17:05','2011-09-02 02:25:28',2,0,0,'manager','2011-09-02 02:25:28',NULL,NULL,NULL,NULL,1),(5,'Kirsten','Nordine','kirsten.nordine@fracturedatlas.org','$2a$10$UNjlLrMpKdmL30p7DyGsbOJoAF0HfyEW5lm1UT6nhewX9vRZxW1/W','2011-08-22 13:17:06','2011-09-02 14:17:31',2,0,0,'reader','2011-09-02 14:17:31',NULL,NULL,NULL,NULL,1),(6,'Justin','Karr','justin.karr@fracturedatlas.org','$2a$10$bOyWsJ67Pih6Pm58ByiGYeeKj8ktKB2NauvaaY3lxJULgm4YuGXqC','2011-08-22 13:17:07','2011-08-22 13:17:07',2,0,0,'reader',NULL,NULL,NULL,NULL,NULL,1),(7,'Lincoln','Center','lc@test.host','$2a$10$rIlYqHvj4nK82RL/9w/5ze7EOSQao5HvB/P5S4sWBuohNr7v/rbuG','2011-08-22 13:17:08','2011-08-22 13:17:08',3,0,0,'manager',NULL,NULL,NULL,NULL,NULL,1),(8,'Whitney','Museum','wmaa@test.host','$2a$10$52P5v9ish5q2wGuQaNSlCuO19252bwUIQhflZN89nh.uXSIU5SFqS','2011-08-22 13:17:09','2011-08-22 13:17:09',4,0,0,'manager',NULL,NULL,NULL,NULL,NULL,1),(9,'Moma','Museum','moma@test.host','$2a$10$rGue6c4iYTjt9u5Vsigc4uXYMOJOc4qt7maEuuKzQyT5SBt34BzjC','2011-08-22 13:17:10','2011-08-22 13:17:10',5,0,0,'manager',NULL,NULL,NULL,NULL,NULL,1),(10,'Kristin','Sosnowsky','ksosno1@lsu.edu','$2a$10$wvto1s6.uy8lRDjV6IA5Ku4xUdFng7CJIKg1t1/Qm9WuFBG2jSGIW','2011-08-22 16:58:16','2011-09-13 13:35:55',6,0,0,'manager','2011-09-13 13:35:55','3_F-14Kc2fkNrMp7QppOKw','2011-09-13 13:34:53',NULL,NULL,1),(11,'Kimberly','Carim','kcarim@sfballet.org','$2a$10$YTJHh6yHj4/U5GuotqRl9uszwUv7AtzDYbAZdDpGd8aPbsFLuw3de','2011-08-23 05:38:42','2011-08-29 19:50:40',7,0,0,'manager','2011-08-29 19:50:40',NULL,NULL,NULL,NULL,1),(12,'Jack','Rogers','jack.rogers@arts.gatech.edu','$2a$10$1NT6z9YUdn7vPeKCHSgJGuhXYjjEZg/XzliSCePyCCUbojoElgKsm','2011-08-23 14:36:05','2011-09-12 15:55:28',8,0,0,'manager','2011-09-12 15:55:28',NULL,NULL,NULL,NULL,1),(13,'Aimee','Hayes','ahayes@southernrep.com','$2a$10$Jiz1Yf/1d/CSIYDp/Y2.1.9WJ.8o.EjcYASe4RZQcTRt6rj5sJvK6','2011-08-24 01:44:25','2011-09-12 17:36:17',9,0,0,'manager','2011-09-12 17:36:17','NvHXICxToC6BJGSEPYeRzg','2011-08-24 16:04:20',NULL,NULL,1),(14,'Christina','Rutter','crutter@sfballet.org','$2a$10$kqQAC2.oLAIJ3U.3mfdbP.B1pLSQqDzdbTt.V9CPOwSzeIFxipgKm','2011-08-24 04:46:42','2011-08-24 04:46:42',7,0,0,'reader',NULL,'ZKAGDHJPMGvYABr_DhGGfQ','2011-08-24 04:46:42',NULL,NULL,1),(15,'Tom','Flynn','tflynn@sfballet.org','$2a$10$ucavxm79TAZVYKbw2diEH.iZLCr6LtKxuAN0jugx5VVUSaIKafk/S','2011-08-24 04:47:11','2011-08-24 04:47:11',7,0,0,'executive',NULL,'u9_4jLSXRsemf0cd59i2Ig','2011-08-24 04:47:11',NULL,NULL,1),(16,'Levi','Toney','ltoney@sfballet.org','$2a$10$aXhXFq7ZJhMxpitW5W3Im.nHHLjI33NPPQ4vHNYTaN2FhqDWsIlma','2011-08-24 04:50:37','2011-08-24 04:50:37',7,0,0,'manager',NULL,'sj23kU8_HPajmgR_U5v0sQ','2011-08-24 04:50:37',NULL,NULL,1),(17,'Dedra ','Hemphill','Dedra.Hemphill@arts.gatech.edu','$2a$10$9pYuoUQ64wgleecDUotZneJef4ht7uTc1.Vo8jCdlDi3HcAIViYGa','2011-08-24 14:13:11','2011-09-12 17:19:48',8,0,0,'reader','2011-09-12 17:19:48','8uPPRCgyMpeEVXXC_WIvCg','2011-08-24 14:13:11',NULL,NULL,1),(18,'George','Thompson','George.Thompson@arts.gatech.edu','$2a$10$ZEdP/3eHkUCuKwFo7IaAYO9u6/3KtyEictOeTfrRiSGyXyahnF57C','2011-08-24 14:13:48','2011-09-12 17:44:09',8,0,0,'executive','2011-09-12 17:44:09','tCHPVBgWWJoarxbSAwfsxQ','2011-09-12 17:43:06',NULL,NULL,1),(19,'Jacquelyn','Craddock','jcraddock@lsu.edu','$2a$10$RvusmtNh1ONfdoFJO/83meY89JwgpVfdSL9z6t9MMBH94RrYdnovK','2011-08-24 14:36:16','2011-09-01 19:02:55',6,0,0,'executive','2011-09-01 19:02:55','-NIUp4_7YDkC3JKubuIpXw','2011-09-01 18:59:52',NULL,NULL,1),(20,'Jim','Murphy','jlmurphy@lsu.edu','$2a$10$gJr0P3mLwvt7GDc4rrKiyOOE7cIexsxFrflm3/qcI0QReavM4tYfu','2011-08-24 14:37:09','2011-08-24 14:37:09',6,0,0,'editor',NULL,'jMaGLMfq6UoJJ6z9_9S-9w','2011-08-24 14:37:09',NULL,NULL,1),(21,'Sarah Zoghbi','szoghbi@southernrep.com','szoghbi@southernrep.com','$2a$10$ANFLPpIitTLRybbWQOuS7.87pcwqJ6I9Hroc15wlgqgMOvmSB4CsK','2011-08-24 17:16:43','2011-08-30 17:07:41',9,0,0,'reader','2011-08-30 17:07:41','sI8Ulc_SwevjZDZGyzlJiQ','2011-08-24 17:16:43',NULL,NULL,1),(22,'Marieke Gaboury','mgaboury@southernrep.com','mgaboury@southernrep.com','$2a$10$WZB6cL832S7UXh1TVnqVS.cbZX77UokGjlzLElpcobC2XvomNkNUq','2011-08-24 17:20:06','2011-08-30 17:05:17',9,0,0,'executive','2011-08-30 17:05:17','b9sM9ffvVgceMDqPSpCE7g','2011-08-24 17:20:05',NULL,NULL,1),(23,'Naeemah','Frazier','nfrazier@artsfake.org','$2a$10$tBkPAvr41.9mW76lXZIx6e1rHoBcUwtNf1bZScMf2jqVJyKA0B.fm','2011-08-24 18:28:51','2011-08-25 02:16:01',1,0,0,'executive',NULL,'1cq1fr9xc2BOWroZG2D5fQ','2011-08-24 18:28:51',NULL,NULL,1),(24,'Patti','French','pfrench@fakeyfake.org','$2a$10$Jd5IY1QeNuBMehWeuI2opeIlbRGcB1xNIa/XmXO/hh/3QATNkqSNC','2011-08-24 18:29:22','2011-08-25 02:16:22',1,0,0,'executive',NULL,'v2_E_LYYSHTDfMImzKR9nQ','2011-08-24 18:29:22',NULL,NULL,1),(25,'Kathryn','Malone','katymalone22@gmail.com','$2a$10$cXrvkAKtThMCLo9pqPxJWO/QHvtqseZ16ax7n7U37kBc0/9qNNLku','2011-08-25 02:10:47','2011-09-02 19:14:49',10,0,0,'manager','2011-09-02 19:14:49',NULL,NULL,NULL,NULL,1),(26,'Mollie','Lakin-Hayes','mlakinhayes@southarts.org','$2a$10$86S9N8GlaxIDSfThT2240eRlIc1FjWbQr1/ciJzFdp3Mic83Uq0ki','2011-08-25 02:14:22','2011-08-25 02:14:40',10,0,0,'manager',NULL,'yJY-u8sIn9IpNR-kovhqIQ','2011-08-25 02:14:22',NULL,NULL,1),(27,'Naeemah','Frazier','nfrazier@southarts.org','$2a$10$ggkIJLjc1ab8w4qpWTBy8eZltjZ15Ox6raM57xiwu2JrLrY.PDR6O','2011-08-25 02:18:10','2011-08-25 02:18:50',10,0,0,'executive',NULL,'tYbip4QzBOYyd2W87JliVA','2011-08-25 02:18:10',NULL,NULL,1),(28,'Patti','French','pfrench@southarts.org','$2a$10$Gdexh7dYMqmaAJ9etONzMO1UX8TaVTR1DS0SOJV8LxcgPVAnr9fdS','2011-08-25 02:18:30','2011-08-25 02:19:16',10,0,0,'executive',NULL,'v8yMy56Su-di-52VOydufA','2011-08-25 02:18:30',NULL,NULL,1),(30,'Bola','Ogunlade','bogunlade@southarts.org','$2a$10$tKclRXn1PLszEXsIpvV3S.b5MWuCezgwHuSX5LjC8VaJa2iL2nr2i','2011-08-31 19:31:05','2011-08-31 19:44:45',1,0,0,'manager','2011-08-31 19:43:27','jKhDe3kr60txxu5dIU4CYg','2011-08-31 19:31:05',NULL,NULL,1),(31,'Kathryn Mary','Malone','katymalone22@yahoo.com','$2a$10$CezJCnA7j6rmHl1qF9TKjeGWb3jJGyPjIAU/4lnancbWYaGbfhnPu','2011-09-06 15:20:08','2011-09-13 17:22:30',12,0,0,'manager','2011-09-13 17:22:30',NULL,NULL,'Director',NULL,1);
/*!40000 ALTER TABLE `users` ENABLE KEYS */;
UNLOCK TABLES;
/*!40103 SET TIME_ZONE=@OLD_TIME_ZONE */;

/*!40101 SET SQL_MODE=@OLD_SQL_MODE */;
/*!40014 SET FOREIGN_KEY_CHECKS=@OLD_FOREIGN_KEY_CHECKS */;
/*!40014 SET UNIQUE_CHECKS=@OLD_UNIQUE_CHECKS */;
/*!40101 SET CHARACTER_SET_CLIENT=@OLD_CHARACTER_SET_CLIENT */;
/*!40101 SET CHARACTER_SET_RESULTS=@OLD_CHARACTER_SET_RESULTS */;
/*!40101 SET COLLATION_CONNECTION=@OLD_COLLATION_CONNECTION */;
/*!40111 SET SQL_NOTES=@OLD_SQL_NOTES */;

-- Dump completed on 2011-09-14 13:05:03
